2025-08-16T17:04:39.411+08:00 DEBUG 14772 --- [hybridsearch] [background-preinit] [                                                 ] org.jboss.logging                        : Logging Provider: org.jboss.logging.Slf4jLoggerProvider found via system property
2025-08-16T17:04:39.416+08:00 DEBUG 14772 --- [hybridsearch] [background-preinit] [                                                 ] o.h.v.i.xml.config.ValidationXmlParser   : Trying to load META-INF/validation.xml for XML based Validator configuration.
2025-08-16T17:04:39.416+08:00 DEBUG 14772 --- [hybridsearch] [background-preinit] [                                                 ] o.h.v.i.xml.config.ResourceLoaderHelper  : Trying to load META-INF/validation.xml via TCCL
2025-08-16T17:04:39.417+08:00 DEBUG 14772 --- [hybridsearch] [background-preinit] [                                                 ] o.h.v.i.xml.config.ResourceLoaderHelper  : Trying to load META-INF/validation.xml via Hibernate Validator's class loader
2025-08-16T17:04:39.417+08:00 DEBUG 14772 --- [hybridsearch] [background-preinit] [                                                 ] o.h.v.i.xml.config.ValidationXmlParser   : No META-INF/validation.xml found. Using annotation based configuration only.
2025-08-16T17:04:39.419+08:00 DEBUG 14772 --- [hybridsearch] [background-preinit] [                                                 ] o.h.v.i.e.resolver.TraversableResolvers  : Cannot find jakarta.persistence.Persistence on classpath. Assuming non JPA 2 environment. All properties will per default be traversable.
2025-08-16T17:04:39.439+08:00 DEBUG 14772 --- [hybridsearch] [background-preinit] [                                                 ] .h.v.m.ResourceBundleMessageInterpolator : Loaded expression factory via original TCCL
2025-08-16T17:04:39.444+08:00  INFO 14772 --- [hybridsearch] [main] [                                                 ] c.hybridsearch.KsbSearchApplicationKt    : Starting KsbSearchApplicationKt using Java 21.0.3 with PID 14772 (E:\hybrid-search-es\build\classes\kotlin\main started by potato in E:\hybrid-search-es)
2025-08-16T17:04:39.444+08:00 DEBUG 14772 --- [hybridsearch] [main] [                                                 ] c.hybridsearch.KsbSearchApplicationKt    : Running with Spring Boot v3.5.4, Spring v6.2.9
2025-08-16T17:04:39.445+08:00  INFO 14772 --- [hybridsearch] [main] [                                                 ] c.hybridsearch.KsbSearchApplicationKt    : The following 1 profile is active: "dev"
2025-08-16T17:04:39.445+08:00 DEBUG 14772 --- [hybridsearch] [main] [                                                 ] o.s.boot.SpringApplication               : Loading source class com.hybridsearch.HybridSearchApplication
2025-08-16T17:04:39.482+08:00 DEBUG 14772 --- [hybridsearch] [main] [                                                 ] onfigReactiveWebServerApplicationContext : Refreshing org.springframework.boot.web.reactive.context.AnnotationConfigReactiveWebServerApplicationContext@10c8f62
2025-08-16T17:04:39.491+08:00 DEBUG 14772 --- [hybridsearch] [main] [                                                 ] o.s.b.f.s.DefaultListableBeanFactory     : Creating shared instance of singleton bean 'org.springframework.context.annotation.internalConfigurationAnnotationProcessor'
2025-08-16T17:04:39.501+08:00 DEBUG 14772 --- [hybridsearch] [main] [                                                 ] o.s.b.f.s.DefaultListableBeanFactory     : Creating shared instance of singleton bean 'org.springframework.boot.autoconfigure.internalCachingMetadataReaderFactory'
2025-08-16T17:04:39.501+08:00 DEBUG 14772 --- [hybridsearch] [background-preinit] [                                                 ] .i.e.ValidatorFactoryConfigurationHelper : HV000252: Using org.hibernate.validator.internal.engine.DefaultPropertyNodeNameProvider as property node name provider.
2025-08-16T17:04:39.504+08:00 DEBUG 14772 --- [hybridsearch] [background-preinit] [                                                 ] .i.e.ValidatorFactoryConfigurationHelper : HV000234: Using org.hibernate.validator.messageinterpolation.ResourceBundleMessageInterpolator as ValidatorFactory-scoped message interpolator.
2025-08-16T17:04:39.504+08:00 DEBUG 14772 --- [hybridsearch] [background-preinit] [                                                 ] .i.e.ValidatorFactoryConfigurationHelper : HV000234: Using org.hibernate.validator.internal.engine.resolver.TraverseAllTraversableResolver as ValidatorFactory-scoped traversable resolver.
2025-08-16T17:04:39.505+08:00 DEBUG 14772 --- [hybridsearch] [background-preinit] [                                                 ] .i.e.ValidatorFactoryConfigurationHelper : HV000234: Using org.hibernate.validator.internal.util.ExecutableParameterNameProvider as ValidatorFactory-scoped parameter name provider.
2025-08-16T17:04:39.505+08:00 DEBUG 14772 --- [hybridsearch] [background-preinit] [                                                 ] .i.e.ValidatorFactoryConfigurationHelper : HV000234: Using org.hibernate.validator.internal.engine.DefaultClockProvider as ValidatorFactory-scoped clock provider.
2025-08-16T17:04:39.505+08:00 DEBUG 14772 --- [hybridsearch] [background-preinit] [                                                 ] .i.e.ValidatorFactoryConfigurationHelper : HV000234: Using org.hibernate.validator.internal.engine.scripting.DefaultScriptEvaluatorFactory as ValidatorFactory-scoped script evaluator factory.
2025-08-16T17:04:39.538+08:00 DEBUG 14772 --- [hybridsearch] [main] [                                                 ] o.s.c.a.ClassPathBeanDefinitionScanner   : Identified candidate component class: file [E:\hybrid-search-es\build\classes\kotlin\main\com\hybridsearch\config\DatabaseConfig.class]
2025-08-16T17:04:39.538+08:00 DEBUG 14772 --- [hybridsearch] [main] [                                                 ] o.s.c.a.ClassPathBeanDefinitionScanner   : Identified candidate component class: file [E:\hybrid-search-es\build\classes\kotlin\main\com\hybridsearch\config\ElasticsearchConfig.class]
2025-08-16T17:04:39.539+08:00 DEBUG 14772 --- [hybridsearch] [main] [                                                 ] o.s.c.a.ClassPathBeanDefinitionScanner   : Identified candidate component class: file [E:\hybrid-search-es\build\classes\kotlin\main\com\hybridsearch\config\RabbitMQConfig.class]
2025-08-16T17:04:39.539+08:00 DEBUG 14772 --- [hybridsearch] [main] [                                                 ] o.s.c.a.ClassPathBeanDefinitionScanner   : Identified candidate component class: file [E:\hybrid-search-es\build\classes\kotlin\main\com\hybridsearch\config\RedisConfig.class]
2025-08-16T17:04:39.965+08:00  INFO 14772 --- [hybridsearch] [main] [                                                 ] .s.d.r.c.RepositoryConfigurationDelegate : Multiple Spring Data modules found, entering strict repository configuration mode
2025-08-16T17:04:39.967+08:00  INFO 14772 --- [hybridsearch] [main] [                                                 ] .s.d.r.c.RepositoryConfigurationDelegate : Bootstrapping Spring Data Reactive Elasticsearch repositories in DEFAULT mode.
2025-08-16T17:04:39.973+08:00 DEBUG 14772 --- [hybridsearch] [main] [                                                 ] .s.d.r.c.RepositoryConfigurationDelegate : Scanning for Reactive Elasticsearch repositories in packages com.hybridsearch.config.
2025-08-16T17:04:39.981+08:00  INFO 14772 --- [hybridsearch] [main] [                                                 ] .s.d.r.c.RepositoryConfigurationDelegate : Finished Spring Data repository scanning in 6 ms. Found 0 Reactive Elasticsearch repository interfaces.
2025-08-16T17:04:39.988+08:00  INFO 14772 --- [hybridsearch] [main] [                                                 ] .s.d.r.c.RepositoryConfigurationDelegate : Multiple Spring Data modules found, entering strict repository configuration mode
2025-08-16T17:04:39.988+08:00  INFO 14772 --- [hybridsearch] [main] [                                                 ] .s.d.r.c.RepositoryConfigurationDelegate : Bootstrapping Spring Data R2DBC repositories in DEFAULT mode.
2025-08-16T17:04:39.990+08:00 DEBUG 14772 --- [hybridsearch] [main] [                                                 ] .s.d.r.c.RepositoryConfigurationDelegate : Scanning for R2DBC repositories in packages com.hybridsearch.repository.r2dbc.
2025-08-16T17:04:39.991+08:00 DEBUG 14772 --- [hybridsearch] [main] [                                                 ] o.s.d.r.c.RepositoryComponentProvider    : Identified candidate component class: file [E:\hybrid-search-es\build\classes\kotlin\main\com\hybridsearch\repository\r2dbc\FinewebDataRepository.class]
2025-08-16T17:04:40.098+08:00  INFO 14772 --- [hybridsearch] [main] [                                                 ] .s.d.r.c.RepositoryConfigurationDelegate : Finished Spring Data repository scanning in 108 ms. Found 1 R2DBC repository interface.
2025-08-16T17:04:40.099+08:00  INFO 14772 --- [hybridsearch] [main] [                                                 ] .s.d.r.c.RepositoryConfigurationDelegate : Multiple Spring Data modules found, entering strict repository configuration mode
2025-08-16T17:04:40.099+08:00  INFO 14772 --- [hybridsearch] [main] [                                                 ] .s.d.r.c.RepositoryConfigurationDelegate : Bootstrapping Spring Data Reactive Elasticsearch repositories in DEFAULT mode.
2025-08-16T17:04:40.101+08:00 DEBUG 14772 --- [hybridsearch] [main] [                                                 ] .s.d.r.c.RepositoryConfigurationDelegate : Scanning for Reactive Elasticsearch repositories in packages com.hybridsearch.repository.elasticsearch.
2025-08-16T17:04:40.102+08:00 DEBUG 14772 --- [hybridsearch] [main] [                                                 ] o.s.d.r.c.RepositoryComponentProvider    : Identified candidate component class: file [E:\hybrid-search-es\build\classes\kotlin\main\com\hybridsearch\repository\elasticsearch\FinewebElasticsearchRepository.class]
2025-08-16T17:04:40.106+08:00  INFO 14772 --- [hybridsearch] [main] [                                                 ] .s.d.r.c.RepositoryConfigurationDelegate : Finished Spring Data repository scanning in 5 ms. Found 1 Reactive Elasticsearch repository interface.
2025-08-16T17:04:40.669+08:00  INFO 14772 --- [hybridsearch] [main] [                                                 ] .s.d.r.c.RepositoryConfigurationDelegate : Multiple Spring Data modules found, entering strict repository configuration mode
2025-08-16T17:04:40.669+08:00  INFO 14772 --- [hybridsearch] [main] [                                                 ] .s.d.r.c.RepositoryConfigurationDelegate : Bootstrapping Spring Data Elasticsearch repositories in DEFAULT mode.
2025-08-16T17:04:40.670+08:00 DEBUG 14772 --- [hybridsearch] [main] [                                                 ] o.s.b.f.s.DefaultListableBeanFactory     : Creating shared instance of singleton bean 'org.springframework.boot.autoconfigure.AutoConfigurationPackages'
2025-08-16T17:04:40.676+08:00 DEBUG 14772 --- [hybridsearch] [main] [                                                 ] o.s.b.a.AutoConfigurationPackages        : @EnableAutoConfiguration was declared on a class in the package 'com.hybridsearch'. Automatic @Repository and @Entity scanning is enabled.
2025-08-16T17:04:40.676+08:00 DEBUG 14772 --- [hybridsearch] [main] [                                                 ] .s.d.r.c.RepositoryConfigurationDelegate : Scanning for Elasticsearch repositories in packages com.hybridsearch.
2025-08-16T17:04:40.678+08:00 DEBUG 14772 --- [hybridsearch] [main] [                                                 ] o.s.d.r.c.RepositoryComponentProvider    : Identified candidate component class: file [E:\hybrid-search-es\build\classes\kotlin\main\com\hybridsearch\repository\elasticsearch\FinewebElasticsearchRepository.class]
2025-08-16T17:04:40.678+08:00 DEBUG 14772 --- [hybridsearch] [main] [                                                 ] o.s.d.r.c.RepositoryComponentProvider    : Identified candidate component class: file [E:\hybrid-search-es\build\classes\kotlin\main\com\hybridsearch\repository\r2dbc\FinewebDataRepository.class]
2025-08-16T17:04:40.679+08:00  INFO 14772 --- [hybridsearch] [main] [                                                 ] .s.d.r.c.RepositoryConfigurationDelegate : Finished Spring Data repository scanning in 2 ms. Found 0 Elasticsearch repository interfaces.
2025-08-16T17:04:40.688+08:00  INFO 14772 --- [hybridsearch] [main] [                                                 ] .s.d.r.c.RepositoryConfigurationDelegate : Multiple Spring Data modules found, entering strict repository configuration mode
2025-08-16T17:04:40.690+08:00  INFO 14772 --- [hybridsearch] [main] [                                                 ] .s.d.r.c.RepositoryConfigurationDelegate : Bootstrapping Spring Data Redis repositories in DEFAULT mode.
2025-08-16T17:04:40.704+08:00 DEBUG 14772 --- [hybridsearch] [main] [                                                 ] .s.d.r.c.RepositoryConfigurationDelegate : Scanning for Redis repositories in packages com.hybridsearch.
2025-08-16T17:04:40.706+08:00 DEBUG 14772 --- [hybridsearch] [main] [                                                 ] o.s.d.r.c.RepositoryComponentProvider    : Identified candidate component class: file [E:\hybrid-search-es\build\classes\kotlin\main\com\hybridsearch\repository\elasticsearch\FinewebElasticsearchRepository.class]
2025-08-16T17:04:40.707+08:00 DEBUG 14772 --- [hybridsearch] [main] [                                                 ] o.s.d.r.c.RepositoryComponentProvider    : Identified candidate component class: file [E:\hybrid-search-es\build\classes\kotlin\main\com\hybridsearch\repository\r2dbc\FinewebDataRepository.class]
2025-08-16T17:04:40.708+08:00  INFO 14772 --- [hybridsearch] [main] [                                                 ] .RepositoryConfigurationExtensionSupport : Spring Data Redis - Could not safely identify store assignment for repository candidate interface com.hybridsearch.repository.elasticsearch.FinewebElasticsearchRepository; If you want this repository to be a Redis repository, consider annotating your entities with one of these annotations: org.springframework.data.redis.core.RedisHash (preferred), or consider extending one of the following types with your repository: org.springframework.data.keyvalue.repository.KeyValueRepository
2025-08-16T17:04:40.708+08:00  INFO 14772 --- [hybridsearch] [main] [                                                 ] .RepositoryConfigurationExtensionSupport : Spring Data Redis - Could not safely identify store assignment for repository candidate interface com.hybridsearch.repository.r2dbc.FinewebDataRepository; If you want this repository to be a Redis repository, consider annotating your entities with one of these annotations: org.springframework.data.redis.core.RedisHash (preferred), or consider extending one of the following types with your repository: org.springframework.data.keyvalue.repository.KeyValueRepository
2025-08-16T17:04:40.708+08:00  INFO 14772 --- [hybridsearch] [main] [                                                 ] .s.d.r.c.RepositoryConfigurationDelegate : Finished Spring Data repository scanning in 4 ms. Found 0 Redis repository interfaces.
2025-08-16T17:04:40.819+08:00 DEBUG 14772 --- [hybridsearch] [main] [                                                 ] o.s.b.f.s.DefaultListableBeanFactory     : Creating shared instance of singleton bean 'propertySourcesPlaceholderConfigurer'
2025-08-16T17:04:40.823+08:00 DEBUG 14772 --- [hybridsearch] [main] [                                                 ] o.s.b.f.s.DefaultListableBeanFactory     : Creating shared instance of singleton bean 'org.springframework.boot.sql.init.dependency.DatabaseInitializationDependencyConfigurer$DependsOnDatabaseInitializationPostProcessor'
2025-08-16T17:04:40.844+08:00 DEBUG 14772 --- [hybridsearch] [main] [                                                 ] o.s.b.f.s.DefaultListableBeanFactory     : Creating shared instance of singleton bean 'org.springframework.context.event.internalEventListenerProcessor'
2025-08-16T17:04:40.845+08:00 DEBUG 14772 --- [hybridsearch] [main] [                                                 ] o.s.b.f.s.DefaultListableBeanFactory     : Creating shared instance of singleton bean 'bootstrapExecutorAliasPostProcessor'
2025-08-16T17:04:40.846+08:00 DEBUG 14772 --- [hybridsearch] [main] [                                                 ] o.s.b.f.s.DefaultListableBeanFactory     : Creating shared instance of singleton bean 'forceAutoProxyCreatorToUseClassProxying'
2025-08-16T17:04:40.847+08:00 DEBUG 14772 --- [hybridsearch] [main] [                                                 ] o.s.b.f.s.DefaultListableBeanFactory     : Creating shared instance of singleton bean 'org.springframework.context.event.internalEventListenerFactory'
2025-08-16T17:04:40.847+08:00 DEBUG 14772 --- [hybridsearch] [main] [                                                 ] o.s.b.f.s.DefaultListableBeanFactory     : Creating shared instance of singleton bean 'org.springframework.transaction.config.internalTransactionalEventListenerFactory'
2025-08-16T17:04:40.849+08:00 DEBUG 14772 --- [hybridsearch] [main] [                                                 ] o.s.b.f.s.DefaultListableBeanFactory     : Creating shared instance of singleton bean 'org.springframework.context.annotation.internalAutowiredAnnotationProcessor'
2025-08-16T17:04:40.850+08:00 DEBUG 14772 --- [hybridsearch] [main] [                                                 ] o.s.b.f.s.DefaultListableBeanFactory     : Creating shared instance of singleton bean 'org.springframework.context.annotation.internalCommonAnnotationProcessor'
2025-08-16T17:04:40.852+08:00 DEBUG 14772 --- [hybridsearch] [main] [                                                 ] o.s.b.f.s.DefaultListableBeanFactory     : Creating shared instance of singleton bean 'org.springframework.boot.context.properties.ConfigurationPropertiesBindingPostProcessor'
2025-08-16T17:04:40.852+08:00 DEBUG 14772 --- [hybridsearch] [main] [                                                 ] o.s.b.f.s.DefaultListableBeanFactory     : Creating shared instance of singleton bean 'org.springframework.boot.context.internalConfigurationPropertiesBinder'
2025-08-16T17:04:40.854+08:00 DEBUG 14772 --- [hybridsearch] [main] [                                                 ] o.s.b.f.s.DefaultListableBeanFactory     : Creating shared instance of singleton bean 'org.springframework.aop.config.internalAutoProxyCreator'
2025-08-16T17:04:40.861+08:00 DEBUG 14772 --- [hybridsearch] [main] [                                                 ] o.s.b.f.s.DefaultListableBeanFactory     : Creating shared instance of singleton bean 'methodValidationPostProcessor'
2025-08-16T17:04:40.865+08:00 DEBUG 14772 --- [hybridsearch] [main] [                                                 ] o.s.b.f.s.DefaultListableBeanFactory     : Autowiring by type from bean name 'methodValidationPostProcessor' via factory method to bean named 'environment'
2025-08-16T17:04:40.871+08:00 DEBUG 14772 --- [hybridsearch] [main] [                                                 ] o.s.b.f.s.DefaultListableBeanFactory     : Creating shared instance of singleton bean 'org.springframework.boot.context.properties.EnableConfigurationPropertiesRegistrar.methodValidationExcludeFilter'
2025-08-16T17:04:40.880+08:00 DEBUG 14772 --- [hybridsearch] [main] [                                                 ] o.s.b.f.s.DefaultListableBeanFactory     : Creating shared instance of singleton bean 'org.springframework.amqp.rabbit.config.internalRabbitListenerAnnotationProcessor'
2025-08-16T17:04:40.883+08:00 DEBUG 14772 --- [hybridsearch] [main] [                                                 ] o.s.b.f.s.DefaultListableBeanFactory     : Creating shared instance of singleton bean 'rabbitConnectionFactoryMetricsPostProcessor'
2025-08-16T17:04:40.884+08:00 DEBUG 14772 --- [hybridsearch] [main] [                                                 ] o.s.b.f.s.DefaultListableBeanFactory     : Autowiring by type from bean name 'rabbitConnectionFactoryMetricsPostProcessor' via factory method to bean named 'org.springframework.boot.web.reactive.context.AnnotationConfigReactiveWebServerApplicationContext@10c8f62'
2025-08-16T17:04:40.884+08:00 DEBUG 14772 --- [hybridsearch] [main] [                                                 ] o.s.b.f.s.DefaultListableBeanFactory     : Creating shared instance of singleton bean 'persistenceExceptionTranslationPostProcessor'
2025-08-16T17:04:40.885+08:00 DEBUG 14772 --- [hybridsearch] [main] [                                                 ] o.s.b.f.s.DefaultListableBeanFactory     : Autowiring by type from bean name 'persistenceExceptionTranslationPostProcessor' via factory method to bean named 'environment'
2025-08-16T17:04:40.886+08:00 DEBUG 14772 --- [hybridsearch] [main] [                                                 ] o.s.b.f.s.DefaultListableBeanFactory     : Creating shared instance of singleton bean 'webServerFactoryCustomizerBeanPostProcessor'
2025-08-16T17:04:40.887+08:00 DEBUG 14772 --- [hybridsearch] [main] [                                                 ] o.s.b.f.s.DefaultListableBeanFactory     : Creating shared instance of singleton bean 'meterRegistryPostProcessor'
2025-08-16T17:04:40.888+08:00 DEBUG 14772 --- [hybridsearch] [main] [                                                 ] o.s.b.f.s.DefaultListableBeanFactory     : Autowiring by type from bean name 'meterRegistryPostProcessor' via factory method to bean named 'org.springframework.boot.web.reactive.context.AnnotationConfigReactiveWebServerApplicationContext@10c8f62'
2025-08-16T17:04:40.889+08:00 DEBUG 14772 --- [hybridsearch] [main] [                                                 ] o.s.b.f.s.DefaultListableBeanFactory     : Creating shared instance of singleton bean 'org.springframework.cache.config.internalCacheAdvisor'
2025-08-16T17:04:40.889+08:00 DEBUG 14772 --- [hybridsearch] [main] [                                                 ] o.s.b.f.s.DefaultListableBeanFactory     : Creating shared instance of singleton bean 'org.springframework.cache.annotation.ProxyCachingConfiguration'
2025-08-16T17:04:40.893+08:00 DEBUG 14772 --- [hybridsearch] [main] [                                                 ] o.s.b.f.s.DefaultListableBeanFactory     : Creating shared instance of singleton bean 'org.springframework.transaction.config.internalTransactionAdvisor'
2025-08-16T17:04:40.893+08:00 DEBUG 14772 --- [hybridsearch] [main] [                                                 ] o.s.b.f.s.DefaultListableBeanFactory     : Creating shared instance of singleton bean 'org.springframework.transaction.annotation.ProxyTransactionManagementConfiguration'
2025-08-16T17:04:40.896+08:00 DEBUG 14772 --- [hybridsearch] [main] [                                                 ] o.s.b.f.s.DefaultListableBeanFactory     : Creating shared instance of singleton bean 'transactionAttributeSource'
2025-08-16T17:04:40.898+08:00 DEBUG 14772 --- [hybridsearch] [main] [                                                 ] o.s.b.f.s.DefaultListableBeanFactory     : Creating shared instance of singleton bean 'transactionInterceptor'
2025-08-16T17:04:40.899+08:00 DEBUG 14772 --- [hybridsearch] [main] [                                                 ] o.s.b.f.s.DefaultListableBeanFactory     : Autowiring by type from bean name 'transactionInterceptor' via factory method to bean named 'transactionAttributeSource'
2025-08-16T17:04:40.906+08:00 DEBUG 14772 --- [hybridsearch] [main] [                                                 ] o.s.b.f.s.DefaultListableBeanFactory     : Autowiring by type from bean name 'org.springframework.transaction.config.internalTransactionAdvisor' via factory method to bean named 'transactionAttributeSource'
2025-08-16T17:04:40.906+08:00 DEBUG 14772 --- [hybridsearch] [main] [                                                 ] o.s.b.f.s.DefaultListableBeanFactory     : Autowiring by type from bean name 'org.springframework.transaction.config.internalTransactionAdvisor' via factory method to bean named 'transactionInterceptor'
2025-08-16T17:04:40.910+08:00 DEBUG 14772 --- [hybridsearch] [main] [                                                 ] o.s.b.f.s.DefaultListableBeanFactory     : Creating shared instance of singleton bean 'cacheOperationSource'
2025-08-16T17:04:40.913+08:00 DEBUG 14772 --- [hybridsearch] [main] [                                                 ] o.s.b.f.s.DefaultListableBeanFactory     : Creating shared instance of singleton bean 'cacheInterceptor'
2025-08-16T17:04:40.914+08:00 DEBUG 14772 --- [hybridsearch] [main] [                                                 ] o.s.b.f.s.DefaultListableBeanFactory     : Autowiring by type from bean name 'cacheInterceptor' via factory method to bean named 'cacheOperationSource'
2025-08-16T17:04:40.918+08:00 DEBUG 14772 --- [hybridsearch] [main] [                                                 ] o.s.b.f.s.DefaultListableBeanFactory     : Autowiring by type from bean name 'org.springframework.cache.config.internalCacheAdvisor' via factory method to bean named 'cacheOperationSource'
2025-08-16T17:04:40.918+08:00 DEBUG 14772 --- [hybridsearch] [main] [                                                 ] o.s.b.f.s.DefaultListableBeanFactory     : Autowiring by type from bean name 'org.springframework.cache.config.internalCacheAdvisor' via factory method to bean named 'cacheInterceptor'
2025-08-16T17:04:40.920+08:00 DEBUG 14772 --- [hybridsearch] [main] [                                                 ] o.s.b.f.s.DefaultListableBeanFactory     : Creating shared instance of singleton bean 'healthEndpointGroupsBeanPostProcessor'
2025-08-16T17:04:40.921+08:00 DEBUG 14772 --- [hybridsearch] [main] [                                                 ] o.s.b.f.s.DefaultListableBeanFactory     : Creating shared instance of singleton bean 'metricsRepositoryMethodInvocationListenerBeanPostProcessor'
2025-08-16T17:04:40.922+08:00 DEBUG 14772 --- [hybridsearch] [main] [                                                 ] o.s.b.f.s.DefaultListableBeanFactory     : Creating shared instance of singleton bean 'observationRegistryPostProcessor'
2025-08-16T17:04:40.923+08:00 DEBUG 14772 --- [hybridsearch] [main] [                                                 ] o.s.b.f.s.DefaultListableBeanFactory     : Creating shared instance of singleton bean 'serverCodecConfigurerEndpointObjectMapperBeanPostProcessor'
2025-08-16T17:04:40.926+08:00 DEBUG 14772 --- [hybridsearch] [main] [                                                 ] o.s.b.f.s.DefaultListableBeanFactory     : Creating shared instance of singleton bean 'nettyReactiveWebServerFactory'
2025-08-16T17:04:40.926+08:00 DEBUG 14772 --- [hybridsearch] [main] [                                                 ] o.s.b.f.s.DefaultListableBeanFactory     : Creating shared instance of singleton bean 'org.springframework.boot.autoconfigure.web.reactive.ReactiveWebServerFactoryConfiguration$EmbeddedNetty'
2025-08-16T17:04:40.927+08:00 DEBUG 14772 --- [hybridsearch] [main] [                                                 ] o.s.b.f.s.DefaultListableBeanFactory     : Creating shared instance of singleton bean 'reactorResourceFactory'
2025-08-16T17:04:40.927+08:00 DEBUG 14772 --- [hybridsearch] [main] [                                                 ] o.s.b.f.s.DefaultListableBeanFactory     : Creating shared instance of singleton bean 'org.springframework.boot.autoconfigure.reactor.netty.ReactorNettyConfigurations$ReactorResourceFactoryConfiguration'
2025-08-16T17:04:40.928+08:00 DEBUG 14772 --- [hybridsearch] [main] [                                                 ] o.s.b.f.s.DefaultListableBeanFactory     : Creating shared instance of singleton bean 'spring.reactor.netty-org.springframework.boot.autoconfigure.reactor.netty.ReactorNettyProperties'
2025-08-16T17:04:40.928+08:00 DEBUG 14772 --- [hybridsearch] [main] [                                                 ] o.s.b.f.s.DefaultListableBeanFactory     : Creating shared instance of singleton bean 'org.springframework.boot.context.properties.BoundConfigurationProperties'
2025-08-16T17:04:40.936+08:00 DEBUG 14772 --- [hybridsearch] [main] [                                                 ] o.s.b.f.s.DefaultListableBeanFactory     : Autowiring by type from bean name 'reactorResourceFactory' via factory method to bean named 'spring.reactor.netty-org.springframework.boot.autoconfigure.reactor.netty.ReactorNettyProperties'
2025-08-16T17:04:40.940+08:00 DEBUG 14772 --- [hybridsearch] [main] [                                                 ] o.s.b.f.s.DefaultListableBeanFactory     : Autowiring by type from bean name 'nettyReactiveWebServerFactory' via factory method to bean named 'reactorResourceFactory'
2025-08-16T17:04:40.945+08:00 DEBUG 14772 --- [hybridsearch] [main] [                                                 ] o.s.b.f.s.DefaultListableBeanFactory     : Creating shared instance of singleton bean 'reactiveWebServerFactoryCustomizer'
2025-08-16T17:04:40.945+08:00 DEBUG 14772 --- [hybridsearch] [main] [                                                 ] o.s.b.f.s.DefaultListableBeanFactory     : Creating shared instance of singleton bean 'org.springframework.boot.autoconfigure.web.reactive.ReactiveWebServerFactoryAutoConfiguration'
2025-08-16T17:04:40.947+08:00 DEBUG 14772 --- [hybridsearch] [main] [                                                 ] o.s.b.f.s.DefaultListableBeanFactory     : Creating shared instance of singleton bean 'server-org.springframework.boot.autoconfigure.web.ServerProperties'
2025-08-16T17:04:40.957+08:00 DEBUG 14772 --- [hybridsearch] [main] [                                                 ] o.s.b.f.s.DefaultListableBeanFactory     : Autowiring by type from bean name 'reactiveWebServerFactoryCustomizer' via factory method to bean named 'server-org.springframework.boot.autoconfigure.web.ServerProperties'
2025-08-16T17:04:40.959+08:00 DEBUG 14772 --- [hybridsearch] [main] [                                                 ] o.s.b.f.s.DefaultListableBeanFactory     : Creating shared instance of singleton bean 'sslBundleRegistry'
2025-08-16T17:04:40.959+08:00 DEBUG 14772 --- [hybridsearch] [main] [                                                 ] o.s.b.f.s.DefaultListableBeanFactory     : Creating shared instance of singleton bean 'org.springframework.boot.autoconfigure.ssl.SslAutoConfiguration'
2025-08-16T17:04:40.959+08:00 DEBUG 14772 --- [hybridsearch] [main] [                                                 ] o.s.b.f.s.DefaultListableBeanFactory     : Creating shared instance of singleton bean 'spring.ssl-org.springframework.boot.autoconfigure.ssl.SslProperties'
2025-08-16T17:04:40.961+08:00 DEBUG 14772 --- [hybridsearch] [main] [                                                 ] o.s.b.f.s.DefaultListableBeanFactory     : Autowiring by type from bean name 'org.springframework.boot.autoconfigure.ssl.SslAutoConfiguration' via constructor to bean named 'org.springframework.boot.web.reactive.context.AnnotationConfigReactiveWebServerApplicationContext@10c8f62'
2025-08-16T17:04:40.961+08:00 DEBUG 14772 --- [hybridsearch] [main] [                                                 ] o.s.b.f.s.DefaultListableBeanFactory     : Autowiring by type from bean name 'org.springframework.boot.autoconfigure.ssl.SslAutoConfiguration' via constructor to bean named 'spring.ssl-org.springframework.boot.autoconfigure.ssl.SslProperties'
2025-08-16T17:04:40.964+08:00 DEBUG 14772 --- [hybridsearch] [main] [                                                 ] o.s.b.f.s.DefaultListableBeanFactory     : Creating shared instance of singleton bean 'sslPropertiesSslBundleRegistrar'
2025-08-16T17:04:40.964+08:00 DEBUG 14772 --- [hybridsearch] [main] [                                                 ] o.s.b.f.s.DefaultListableBeanFactory     : Creating shared instance of singleton bean 'fileWatcher'
2025-08-16T17:04:40.964+08:00 DEBUG 14772 --- [hybridsearch] [main] [                                                 ] o.s.b.f.s.DefaultListableBeanFactory     : Autowiring by type from bean name 'sslPropertiesSslBundleRegistrar' via factory method to bean named 'fileWatcher'
2025-08-16T17:04:40.968+08:00 DEBUG 14772 --- [hybridsearch] [main] [                                                 ] o.s.b.f.s.DefaultListableBeanFactory     : Creating shared instance of singleton bean 'nettyWebServerFactoryCustomizer'
2025-08-16T17:04:40.968+08:00 DEBUG 14772 --- [hybridsearch] [main] [                                                 ] o.s.b.f.s.DefaultListableBeanFactory     : Creating shared instance of singleton bean 'org.springframework.boot.autoconfigure.web.embedded.EmbeddedWebServerFactoryCustomizerAutoConfiguration$NettyWebServerFactoryCustomizerConfiguration'
2025-08-16T17:04:40.969+08:00 DEBUG 14772 --- [hybridsearch] [main] [                                                 ] o.s.b.f.s.DefaultListableBeanFactory     : Autowiring by type from bean name 'nettyWebServerFactoryCustomizer' via factory method to bean named 'environment'
2025-08-16T17:04:40.969+08:00 DEBUG 14772 --- [hybridsearch] [main] [                                                 ] o.s.b.f.s.DefaultListableBeanFactory     : Autowiring by type from bean name 'nettyWebServerFactoryCustomizer' via factory method to bean named 'server-org.springframework.boot.autoconfigure.web.ServerProperties'
2025-08-16T17:04:40.984+08:00 DEBUG 14772 --- [hybridsearch] [main] [                                                 ] reactor.util.Loggers                     : Using Slf4j logging framework
2025-08-16T17:04:41.005+08:00 DEBUG 14772 --- [hybridsearch] [main] [                                                 ] i.n.u.i.logging.InternalLoggerFactory    : Using SLF4J as the default logging framework
2025-08-16T17:04:41.006+08:00 DEBUG 14772 --- [hybridsearch] [main] [                                                 ] i.n.util.internal.PlatformDependent0     : Java version: 21
2025-08-16T17:04:41.006+08:00 DEBUG 14772 --- [hybridsearch] [main] [                                                 ] i.n.util.internal.PlatformDependent0     : -Dio.netty.noUnsafe: false
2025-08-16T17:04:41.007+08:00 DEBUG 14772 --- [hybridsearch] [main] [                                                 ] i.n.util.internal.PlatformDependent0     : sun.misc.Unsafe.theUnsafe: available
2025-08-16T17:04:41.008+08:00 DEBUG 14772 --- [hybridsearch] [main] [                                                 ] i.n.util.internal.PlatformDependent0     : sun.misc.Unsafe base methods: all available
2025-08-16T17:04:41.008+08:00 DEBUG 14772 --- [hybridsearch] [main] [                                                 ] i.n.util.internal.PlatformDependent0     : sun.misc.Unsafe.storeFence: available
2025-08-16T17:04:41.009+08:00 DEBUG 14772 --- [hybridsearch] [main] [                                                 ] i.n.util.internal.PlatformDependent0     : java.nio.Buffer.address: available
2025-08-16T17:04:41.010+08:00 DEBUG 14772 --- [hybridsearch] [main] [                                                 ] i.n.util.internal.PlatformDependent0     : direct buffer constructor: unavailable: Reflective setAccessible(true) disabled
2025-08-16T17:04:41.011+08:00 DEBUG 14772 --- [hybridsearch] [main] [                                                 ] i.n.util.internal.PlatformDependent0     : java.nio.Bits.unaligned: available, true
2025-08-16T17:04:41.013+08:00 DEBUG 14772 --- [hybridsearch] [main] [                                                 ] i.n.util.internal.PlatformDependent0     : jdk.internal.misc.Unsafe.allocateUninitializedArray(int): unavailable: class io.netty.util.internal.PlatformDependent0$7 cannot access class jdk.internal.misc.Unsafe (in module java.base) because module java.base does not export jdk.internal.misc to unnamed module @8b96fde
2025-08-16T17:04:41.013+08:00 DEBUG 14772 --- [hybridsearch] [main] [                                                 ] i.n.util.internal.PlatformDependent0     : java.nio.DirectByteBuffer.<init>(long, {int,long}): unavailable
2025-08-16T17:04:41.014+08:00 DEBUG 14772 --- [hybridsearch] [main] [                                                 ] i.netty.util.internal.PlatformDependent  : sun.misc.Unsafe: available
2025-08-16T17:04:41.014+08:00 DEBUG 14772 --- [hybridsearch] [main] [                                                 ] i.netty.util.internal.PlatformDependent  : -Dio.netty.tmpdir: C:\Users\potato\AppData\Local\Temp (java.io.tmpdir)
2025-08-16T17:04:41.014+08:00 DEBUG 14772 --- [hybridsearch] [main] [                                                 ] i.netty.util.internal.PlatformDependent  : -Dio.netty.bitMode: 64 (sun.arch.data.model)
2025-08-16T17:04:41.014+08:00 DEBUG 14772 --- [hybridsearch] [main] [                                                 ] i.netty.util.internal.PlatformDependent  : Platform: Windows
2025-08-16T17:04:41.014+08:00 DEBUG 14772 --- [hybridsearch] [main] [                                                 ] i.netty.util.internal.PlatformDependent  : -Dio.netty.maxDirectMemory: -1 bytes
2025-08-16T17:04:41.014+08:00 DEBUG 14772 --- [hybridsearch] [main] [                                                 ] i.netty.util.internal.PlatformDependent  : -Dio.netty.uninitializedArrayAllocationThreshold: -1
2025-08-16T17:04:41.016+08:00 DEBUG 14772 --- [hybridsearch] [main] [                                                 ] io.netty.util.internal.CleanerJava9      : java.nio.ByteBuffer.cleaner(): available
2025-08-16T17:04:41.016+08:00 DEBUG 14772 --- [hybridsearch] [main] [                                                 ] i.netty.util.internal.PlatformDependent  : -Dio.netty.noPreferDirect: false
2025-08-16T17:04:41.024+08:00 DEBUG 14772 --- [hybridsearch] [main] [                                                 ] i.n.u.internal.InternalThreadLocalMap    : -Dio.netty.threadLocalMap.stringBuilder.initialSize: 1024
2025-08-16T17:04:41.024+08:00 DEBUG 14772 --- [hybridsearch] [main] [                                                 ] i.n.u.internal.InternalThreadLocalMap    : -Dio.netty.threadLocalMap.stringBuilder.maxSize: 4096
2025-08-16T17:04:41.036+08:00 DEBUG 14772 --- [hybridsearch] [main] [                                                 ] io.netty.util.ResourceLeakDetector       : -Dio.netty.leakDetection.level: simple
2025-08-16T17:04:41.036+08:00 DEBUG 14772 --- [hybridsearch] [main] [                                                 ] io.netty.util.ResourceLeakDetector       : -Dio.netty.leakDetection.targetRecords: 4
2025-08-16T17:04:41.064+08:00 DEBUG 14772 --- [hybridsearch] [main] [                                                 ] i.n.util.concurrent.GlobalEventExecutor  : -Dio.netty.globalEventExecutor.quietPeriodSeconds: 1
2025-08-16T17:04:41.073+08:00 DEBUG 14772 --- [hybridsearch] [main] [                                                 ] o.s.b.f.s.DefaultListableBeanFactory     : Creating shared instance of singleton bean 'applicationTaskExecutor'
2025-08-16T17:04:41.073+08:00 DEBUG 14772 --- [hybridsearch] [main] [                                                 ] o.s.b.f.s.DefaultListableBeanFactory     : Creating shared instance of singleton bean 'org.springframework.boot.autoconfigure.task.TaskExecutorConfigurations$TaskExecutorConfiguration'
2025-08-16T17:04:41.075+08:00 DEBUG 14772 --- [hybridsearch] [main] [                                                 ] o.s.b.f.s.DefaultListableBeanFactory     : Creating shared instance of singleton bean 'threadPoolTaskExecutorBuilder'
2025-08-16T17:04:41.075+08:00 DEBUG 14772 --- [hybridsearch] [main] [                                                 ] o.s.b.f.s.DefaultListableBeanFactory     : Creating shared instance of singleton bean 'org.springframework.boot.autoconfigure.task.TaskExecutorConfigurations$ThreadPoolTaskExecutorBuilderConfiguration'
2025-08-16T17:04:41.076+08:00 DEBUG 14772 --- [hybridsearch] [main] [                                                 ] o.s.b.f.s.DefaultListableBeanFactory     : Creating shared instance of singleton bean 'spring.task.execution-org.springframework.boot.autoconfigure.task.TaskExecutionProperties'
2025-08-16T17:04:41.078+08:00 DEBUG 14772 --- [hybridsearch] [main] [                                                 ] o.s.b.f.s.DefaultListableBeanFactory     : Autowiring by type from bean name 'threadPoolTaskExecutorBuilder' via factory method to bean named 'spring.task.execution-org.springframework.boot.autoconfigure.task.TaskExecutionProperties'
2025-08-16T17:04:41.080+08:00 DEBUG 14772 --- [hybridsearch] [main] [                                                 ] o.s.b.f.s.DefaultListableBeanFactory     : Autowiring by type from bean name 'applicationTaskExecutor' via factory method to bean named 'threadPoolTaskExecutorBuilder'
2025-08-16T17:04:41.084+08:00 DEBUG 14772 --- [hybridsearch] [main] [                                                 ] o.s.s.concurrent.ThreadPoolTaskExecutor  : Initializing ExecutorService 'applicationTaskExecutor'
2025-08-16T17:04:41.088+08:00 DEBUG 14772 --- [hybridsearch] [main] [                                                 ] o.s.b.f.s.DefaultListableBeanFactory     : Creating shared instance of singleton bean 'hybridSearchApplication'
2025-08-16T17:04:41.090+08:00 DEBUG 14772 --- [hybridsearch] [main] [                                                 ] o.s.b.f.s.DefaultListableBeanFactory     : Creating shared instance of singleton bean 'databaseConfig'
2025-08-16T17:04:41.093+08:00 DEBUG 14772 --- [hybridsearch] [main] [                                                 ] o.s.c.e.PropertySourcesPropertyResolver  : Found key 'spring.r2dbc.url' in PropertySource 'environmentProperties' with value of type String
2025-08-16T17:04:41.094+08:00 DEBUG 14772 --- [hybridsearch] [main] [                                                 ] o.s.c.e.PropertySourcesPropertyResolver  : Found key 'spring.r2dbc.username' in PropertySource 'environmentProperties' with value of type String
2025-08-16T17:04:41.095+08:00 DEBUG 14772 --- [hybridsearch] [main] [                                                 ] o.s.c.e.PropertySourcesPropertyResolver  : Found key 'spring.r2dbc.password' in PropertySource 'environmentProperties' with value of type String
2025-08-16T17:04:41.096+08:00 DEBUG 14772 --- [hybridsearch] [main] [                                                 ] o.s.b.f.s.DefaultListableBeanFactory     : Creating shared instance of singleton bean 'elasticsearchConfig'
2025-08-16T17:04:41.097+08:00 DEBUG 14772 --- [hybridsearch] [main] [                                                 ] o.s.c.e.PropertySourcesPropertyResolver  : Found key 'spring.elasticsearch.uris' in PropertySource 'environmentProperties' with value of type String
2025-08-16T17:04:41.097+08:00 DEBUG 14772 --- [hybridsearch] [main] [                                                 ] o.s.c.e.PropertySourcesPropertyResolver  : Found key 'spring.elasticsearch.username' in PropertySource 'environmentProperties' with value of type String
2025-08-16T17:04:41.098+08:00 DEBUG 14772 --- [hybridsearch] [main] [                                                 ] o.s.c.e.PropertySourcesPropertyResolver  : Found key 'spring.elasticsearch.password' in PropertySource 'environmentProperties' with value of type String
2025-08-16T17:04:41.098+08:00 DEBUG 14772 --- [hybridsearch] [main] [                                                 ] o.s.b.f.s.DefaultListableBeanFactory     : Creating shared instance of singleton bean 'rabbitMQConfig'
2025-08-16T17:04:41.099+08:00 DEBUG 14772 --- [hybridsearch] [main] [                                                 ] o.s.b.f.s.DefaultListableBeanFactory     : Creating shared instance of singleton bean 'redisConfig'
2025-08-16T17:04:41.099+08:00 DEBUG 14772 --- [hybridsearch] [main] [                                                 ] o.s.c.e.PropertySourcesPropertyResolver  : Found key 'spring.data.redis.host' in PropertySource 'environmentProperties' with value of type String
2025-08-16T17:04:41.099+08:00 DEBUG 14772 --- [hybridsearch] [main] [                                                 ] o.s.c.e.PropertySourcesPropertyResolver  : Found key 'spring.data.redis.port' in PropertySource 'environmentProperties' with value of type String
2025-08-16T17:04:41.100+08:00 DEBUG 14772 --- [hybridsearch] [main] [                                                 ] o.s.b.f.s.DefaultListableBeanFactory     : Creating shared instance of singleton bean 'connectionFactory'
2025-08-16T17:04:41.108+08:00 DEBUG 14772 --- [hybridsearch] [main] [                                                 ] io.r2dbc.postgresql.Extensions           : Discovering Extensions using ServiceLoader
2025-08-16T17:04:41.109+08:00 DEBUG 14772 --- [hybridsearch] [main] [                                                 ] io.r2dbc.postgresql.Extensions           : Registering extension io.r2dbc.postgresql.codec.BuiltinDynamicCodecs
2025-08-16T17:04:41.113+08:00 DEBUG 14772 --- [hybridsearch] [main] [                                                 ] o.s.b.f.s.DefaultListableBeanFactory     : Creating shared instance of singleton bean 'transactionManager'
2025-08-16T17:04:41.117+08:00 DEBUG 14772 --- [hybridsearch] [main] [                                                 ] o.s.b.f.s.DefaultListableBeanFactory     : Creating shared instance of singleton bean 'r2dbcManagedTypes'
2025-08-16T17:04:41.123+08:00 DEBUG 14772 --- [hybridsearch] [main] [                                                 ] o.s.b.f.s.DefaultListableBeanFactory     : Creating shared instance of singleton bean 'r2dbcDatabaseClient'
2025-08-16T17:04:41.139+08:00 DEBUG 14772 --- [hybridsearch] [main] [                                                 ] o.s.b.f.s.DefaultListableBeanFactory     : Creating shared instance of singleton bean 'r2dbcEntityTemplate'
2025-08-16T17:04:41.140+08:00 DEBUG 14772 --- [hybridsearch] [main] [                                                 ] o.s.b.f.s.DefaultListableBeanFactory     : Creating shared instance of singleton bean 'reactiveDataAccessStrategy'
2025-08-16T17:04:41.140+08:00 DEBUG 14772 --- [hybridsearch] [main] [                                                 ] o.s.b.f.s.DefaultListableBeanFactory     : Creating shared instance of singleton bean 'r2dbcConverter'
2025-08-16T17:04:41.141+08:00 DEBUG 14772 --- [hybridsearch] [main] [                                                 ] o.s.b.f.s.DefaultListableBeanFactory     : Creating shared instance of singleton bean 'r2dbcMappingContext'
2025-08-16T17:04:41.141+08:00 DEBUG 14772 --- [hybridsearch] [main] [                                                 ] o.s.b.f.s.DefaultListableBeanFactory     : Creating shared instance of singleton bean 'r2dbcCustomConversions'
2025-08-16T17:04:41.162+08:00 DEBUG 14772 --- [hybridsearch] [main] [                                                 ] o.s.data.convert.CustomConversions       : Adding converter from class io.r2dbc.postgresql.codec.Point to class org.springframework.data.geo.Point as reading converter
2025-08-16T17:04:41.162+08:00 DEBUG 14772 --- [hybridsearch] [main] [                                                 ] o.s.data.convert.CustomConversions       : Adding converter from class org.springframework.data.geo.Point to class io.r2dbc.postgresql.codec.Point as writing converter
2025-08-16T17:04:41.162+08:00 DEBUG 14772 --- [hybridsearch] [main] [                                                 ] o.s.data.convert.CustomConversions       : Adding converter from class io.r2dbc.postgresql.codec.Circle to class org.springframework.data.geo.Circle as reading converter
2025-08-16T17:04:41.162+08:00 DEBUG 14772 --- [hybridsearch] [main] [                                                 ] o.s.data.convert.CustomConversions       : Adding converter from class org.springframework.data.geo.Circle to class io.r2dbc.postgresql.codec.Circle as writing converter
2025-08-16T17:04:41.162+08:00 DEBUG 14772 --- [hybridsearch] [main] [                                                 ] o.s.data.convert.CustomConversions       : Adding converter from class io.r2dbc.postgresql.codec.Box to class org.springframework.data.geo.Box as reading converter
2025-08-16T17:04:41.162+08:00 DEBUG 14772 --- [hybridsearch] [main] [                                                 ] o.s.data.convert.CustomConversions       : Adding converter from class org.springframework.data.geo.Box to class io.r2dbc.postgresql.codec.Box as writing converter
2025-08-16T17:04:41.162+08:00 DEBUG 14772 --- [hybridsearch] [main] [                                                 ] o.s.data.convert.CustomConversions       : Adding converter from class io.r2dbc.postgresql.codec.Polygon to class org.springframework.data.geo.Polygon as reading converter
2025-08-16T17:04:41.162+08:00 DEBUG 14772 --- [hybridsearch] [main] [                                                 ] o.s.data.convert.CustomConversions       : Adding converter from class org.springframework.data.geo.Polygon to class io.r2dbc.postgresql.codec.Polygon as writing converter
2025-08-16T17:04:41.162+08:00 DEBUG 14772 --- [hybridsearch] [main] [                                                 ] o.s.data.convert.CustomConversions       : Adding converter from class io.r2dbc.postgresql.codec.Json to class [B as reading converter
2025-08-16T17:04:41.162+08:00 DEBUG 14772 --- [hybridsearch] [main] [                                                 ] o.s.data.convert.CustomConversions       : Adding converter from class io.r2dbc.postgresql.codec.Json to class java.lang.String as reading converter
2025-08-16T17:04:41.162+08:00 DEBUG 14772 --- [hybridsearch] [main] [                                                 ] o.s.data.convert.CustomConversions       : Adding converter from interface io.r2dbc.spi.Row to class java.lang.Boolean as reading converter
2025-08-16T17:04:41.162+08:00 DEBUG 14772 --- [hybridsearch] [main] [                                                 ] o.s.data.convert.CustomConversions       : Adding converter from interface io.r2dbc.spi.Row to class java.lang.Number as reading converter
2025-08-16T17:04:41.162+08:00 DEBUG 14772 --- [hybridsearch] [main] [                                                 ] o.s.data.convert.CustomConversions       : Adding converter from interface io.r2dbc.spi.Row to class java.time.LocalDate as reading converter
2025-08-16T17:04:41.162+08:00 DEBUG 14772 --- [hybridsearch] [main] [                                                 ] o.s.data.convert.CustomConversions       : Adding converter from interface io.r2dbc.spi.Row to class java.time.LocalDateTime as reading converter
2025-08-16T17:04:41.162+08:00 DEBUG 14772 --- [hybridsearch] [main] [                                                 ] o.s.data.convert.CustomConversions       : Adding converter from interface io.r2dbc.spi.Row to class java.time.LocalTime as reading converter
2025-08-16T17:04:41.162+08:00 DEBUG 14772 --- [hybridsearch] [main] [                                                 ] o.s.data.convert.CustomConversions       : Adding converter from interface io.r2dbc.spi.Row to class java.time.OffsetDateTime as reading converter
2025-08-16T17:04:41.162+08:00 DEBUG 14772 --- [hybridsearch] [main] [                                                 ] o.s.data.convert.CustomConversions       : Adding converter from interface io.r2dbc.spi.Row to class java.lang.String as reading converter
2025-08-16T17:04:41.162+08:00 DEBUG 14772 --- [hybridsearch] [main] [                                                 ] o.s.data.convert.CustomConversions       : Adding converter from interface io.r2dbc.spi.Row to class java.util.UUID as reading converter
2025-08-16T17:04:41.162+08:00 DEBUG 14772 --- [hybridsearch] [main] [                                                 ] o.s.data.convert.CustomConversions       : Adding converter from interface io.r2dbc.spi.Row to class java.time.ZonedDateTime as reading converter
2025-08-16T17:04:41.162+08:00 DEBUG 14772 --- [hybridsearch] [main] [                                                 ] o.s.data.convert.CustomConversions       : Adding converter from class java.util.Date to class java.time.LocalDateTime as reading converter
2025-08-16T17:04:41.162+08:00 DEBUG 14772 --- [hybridsearch] [main] [                                                 ] o.s.data.convert.CustomConversions       : Adding converter from class java.time.LocalDateTime to class java.util.Date as writing converter
2025-08-16T17:04:41.162+08:00 DEBUG 14772 --- [hybridsearch] [main] [                                                 ] o.s.data.convert.CustomConversions       : Adding converter from class java.util.Date to class java.time.LocalDate as reading converter
2025-08-16T17:04:41.162+08:00 DEBUG 14772 --- [hybridsearch] [main] [                                                 ] o.s.data.convert.CustomConversions       : Adding converter from class java.time.LocalDate to class java.util.Date as writing converter
2025-08-16T17:04:41.162+08:00 DEBUG 14772 --- [hybridsearch] [main] [                                                 ] o.s.data.convert.CustomConversions       : Adding converter from class java.util.Date to class java.time.LocalTime as reading converter
2025-08-16T17:04:41.162+08:00 DEBUG 14772 --- [hybridsearch] [main] [                                                 ] o.s.data.convert.CustomConversions       : Adding converter from class java.time.LocalTime to class java.util.Date as writing converter
2025-08-16T17:04:41.162+08:00 DEBUG 14772 --- [hybridsearch] [main] [                                                 ] o.s.data.convert.CustomConversions       : Adding converter from class java.util.Date to class java.time.Instant as reading converter
2025-08-16T17:04:41.162+08:00 DEBUG 14772 --- [hybridsearch] [main] [                                                 ] o.s.data.convert.CustomConversions       : Adding converter from class java.time.Instant to class java.util.Date as writing converter
2025-08-16T17:04:41.162+08:00 DEBUG 14772 --- [hybridsearch] [main] [                                                 ] o.s.data.convert.CustomConversions       : Adding converter from class java.time.LocalDateTime to class java.time.Instant as reading converter
2025-08-16T17:04:41.162+08:00 DEBUG 14772 --- [hybridsearch] [main] [                                                 ] o.s.data.convert.CustomConversions       : Adding converter from class java.time.Instant to class java.time.LocalDateTime as reading converter
2025-08-16T17:04:41.162+08:00 DEBUG 14772 --- [hybridsearch] [main] [                                                 ] o.s.data.convert.CustomConversions       : Adding converter from class java.time.ZoneId to class java.lang.String as writing converter
2025-08-16T17:04:41.162+08:00 DEBUG 14772 --- [hybridsearch] [main] [                                                 ] o.s.data.convert.CustomConversions       : Adding converter from class java.lang.String to class java.time.ZoneId as reading converter
2025-08-16T17:04:41.162+08:00 DEBUG 14772 --- [hybridsearch] [main] [                                                 ] o.s.data.convert.CustomConversions       : Adding converter from class java.time.Duration to class java.lang.String as writing converter
2025-08-16T17:04:41.162+08:00 DEBUG 14772 --- [hybridsearch] [main] [                                                 ] o.s.data.convert.CustomConversions       : Adding converter from class java.lang.String to class java.time.Duration as reading converter
2025-08-16T17:04:41.162+08:00 DEBUG 14772 --- [hybridsearch] [main] [                                                 ] o.s.data.convert.CustomConversions       : Adding converter from class java.time.Period to class java.lang.String as writing converter
2025-08-16T17:04:41.162+08:00 DEBUG 14772 --- [hybridsearch] [main] [                                                 ] o.s.data.convert.CustomConversions       : Adding converter from class java.lang.String to class java.time.Period as reading converter
2025-08-16T17:04:41.162+08:00 DEBUG 14772 --- [hybridsearch] [main] [                                                 ] o.s.data.convert.CustomConversions       : Adding converter from class java.lang.String to class java.time.LocalDate as reading converter
2025-08-16T17:04:41.163+08:00 DEBUG 14772 --- [hybridsearch] [main] [                                                 ] o.s.data.convert.CustomConversions       : Adding converter from class java.lang.String to class java.time.LocalDateTime as reading converter
2025-08-16T17:04:41.163+08:00 DEBUG 14772 --- [hybridsearch] [main] [                                                 ] o.s.data.convert.CustomConversions       : Adding converter from class java.lang.String to class java.time.Instant as reading converter
2025-08-16T17:04:41.165+08:00 DEBUG 14772 --- [hybridsearch] [main] [                                                 ] o.s.b.f.s.DefaultListableBeanFactory     : Autowiring by type from bean name 'r2dbcMappingContext' via factory method to bean named 'r2dbcCustomConversions'
2025-08-16T17:04:41.165+08:00 DEBUG 14772 --- [hybridsearch] [main] [                                                 ] o.s.b.f.s.DefaultListableBeanFactory     : Autowiring by type from bean name 'r2dbcMappingContext' via factory method to bean named 'r2dbcManagedTypes'
2025-08-16T17:04:41.177+08:00 DEBUG 14772 --- [hybridsearch] [main] [                                                 ] o.s.b.f.s.DefaultListableBeanFactory     : Autowiring by type from bean name 'r2dbcConverter' via factory method to bean named 'r2dbcMappingContext'
2025-08-16T17:04:41.177+08:00 DEBUG 14772 --- [hybridsearch] [main] [                                                 ] o.s.b.f.s.DefaultListableBeanFactory     : Autowiring by type from bean name 'r2dbcConverter' via factory method to bean named 'r2dbcCustomConversions'
2025-08-16T17:04:41.195+08:00 DEBUG 14772 --- [hybridsearch] [main] [                                                 ] o.s.b.f.s.DefaultListableBeanFactory     : Autowiring by type from bean name 'reactiveDataAccessStrategy' via factory method to bean named 'r2dbcConverter'
2025-08-16T17:04:41.206+08:00 DEBUG 14772 --- [hybridsearch] [main] [                                                 ] o.s.b.f.s.DefaultListableBeanFactory     : Autowiring by type from bean name 'r2dbcEntityTemplate' via factory method to bean named 'r2dbcDatabaseClient'
2025-08-16T17:04:41.206+08:00 DEBUG 14772 --- [hybridsearch] [main] [                                                 ] o.s.b.f.s.DefaultListableBeanFactory     : Autowiring by type from bean name 'r2dbcEntityTemplate' via factory method to bean named 'reactiveDataAccessStrategy'
2025-08-16T17:04:41.214+08:00 DEBUG 14772 --- [hybridsearch] [main] [                                                 ] o.s.b.f.s.DefaultListableBeanFactory     : Creating shared instance of singleton bean 'idGeneratingBeforeSaveCallback'
2025-08-16T17:04:41.215+08:00 DEBUG 14772 --- [hybridsearch] [main] [                                                 ] o.s.b.f.s.DefaultListableBeanFactory     : Autowiring by type from bean name 'idGeneratingBeforeSaveCallback' via factory method to bean named 'r2dbcMappingContext'
2025-08-16T17:04:41.215+08:00 DEBUG 14772 --- [hybridsearch] [main] [                                                 ] o.s.b.f.s.DefaultListableBeanFactory     : Autowiring by type from bean name 'idGeneratingBeforeSaveCallback' via factory method to bean named 'r2dbcDatabaseClient'
2025-08-16T17:04:41.218+08:00 DEBUG 14772 --- [hybridsearch] [main] [                                                 ] o.s.b.f.s.DefaultListableBeanFactory     : Creating shared instance of singleton bean 'elasticsearchClientConfiguration'
2025-08-16T17:04:41.222+08:00 DEBUG 14772 --- [hybridsearch] [main] [                                                 ] o.s.b.f.s.DefaultListableBeanFactory     : Creating shared instance of singleton bean 'elasticsearchRestClient'
2025-08-16T17:04:41.222+08:00 DEBUG 14772 --- [hybridsearch] [main] [                                                 ] o.s.b.f.s.DefaultListableBeanFactory     : Autowiring by type from bean name 'elasticsearchRestClient' via factory method to bean named 'elasticsearchClientConfiguration'
2025-08-16T17:04:41.317+08:00 DEBUG 14772 --- [hybridsearch] [main] [                                                 ] jdk.event.security                       : X509Certificate: Alg:SHA256withRSA, Serial:570a119742c4e3cc, Subject:CN=Actalis Authentication Root CA, O=Actalis S.p.A./03358520967, L=Milan, C=IT, Issuer:CN=Actalis Authentication Root CA, O=Actalis S.p.A./03358520967, L=Milan, C=IT, Key type:RSA, Length:4096, Cert Id:1729119956, Valid from:2011/9/22 下午7:22, Valid until:2030/9/22 下午7:22
2025-08-16T17:04:41.319+08:00 DEBUG 14772 --- [hybridsearch] [main] [                                                 ] jdk.event.security                       : X509Certificate: Alg:SHA1withRSA, Serial:1, Subject:CN=AddTrust External CA Root, OU=AddTrust External TTP Network, O=AddTrust AB, C=SE, Issuer:CN=AddTrust External CA Root, OU=AddTrust External TTP Network, O=AddTrust AB, C=SE, Key type:RSA, Length:2048, Cert Id:3968614624, Valid from:2000/5/30 下午6:48, Valid until:2020/5/30 下午6:48
2025-08-16T17:04:41.320+08:00 DEBUG 14772 --- [hybridsearch] [main] [                                                 ] jdk.event.security                       : X509Certificate: Alg:SHA1withRSA, Serial:1, Subject:CN=AddTrust Qualified CA Root, OU=AddTrust TTP Network, O=AddTrust AB, C=SE, Issuer:CN=AddTrust Qualified CA Root, OU=AddTrust TTP Network, O=AddTrust AB, C=SE, Key type:RSA, Length:2048, Cert Id:607365522, Valid from:2000/5/30 下午6:44, Valid until:2020/5/30 下午6:44
2025-08-16T17:04:41.320+08:00 DEBUG 14772 --- [hybridsearch] [main] [                                                 ] jdk.event.security                       : X509Certificate: Alg:SHA256withRSA, Serial:7777062726a9b17c, Subject:CN=AffirmTrust Commercial, O=AffirmTrust, C=US, Issuer:CN=AffirmTrust Commercial, O=AffirmTrust, C=US, Key type:RSA, Length:2048, Cert Id:630485644, Valid from:2010/1/29 下午10:06, Valid until:2030/12/31 下午10:06
2025-08-16T17:04:41.321+08:00 DEBUG 14772 --- [hybridsearch] [main] [                                                 ] jdk.event.security                       : X509Certificate: Alg:SHA1withRSA, Serial:7c4f04391cd4992d, Subject:CN=AffirmTrust Networking, O=AffirmTrust, C=US, Issuer:CN=AffirmTrust Networking, O=AffirmTrust, C=US, Key type:RSA, Length:2048, Cert Id:651670175, Valid from:2010/1/29 下午10:08, Valid until:2030/12/31 下午10:08
2025-08-16T17:04:41.321+08:00 DEBUG 14772 --- [hybridsearch] [main] [                                                 ] jdk.event.security                       : X509Certificate: Alg:SHA384withRSA, Serial:6d8c1446b1a60aee, Subject:CN=AffirmTrust Premium, O=AffirmTrust, C=US, Issuer:CN=AffirmTrust Premium, O=AffirmTrust, C=US, Key type:RSA, Length:4096, Cert Id:2164683341, Valid from:2010/1/29 下午10:10, Valid until:2040/12/31 下午10:10
2025-08-16T17:04:41.322+08:00 DEBUG 14772 --- [hybridsearch] [main] [                                                 ] jdk.event.security                       : X509Certificate: Alg:SHA384withECDSA, Serial:7497258ac73f7a54, Subject:CN=AffirmTrust Premium ECC, O=AffirmTrust, C=US, Issuer:CN=AffirmTrust Premium ECC, O=AffirmTrust, C=US, Key type:EC, Length:384, Cert Id:2214603510, Valid from:2010/1/29 下午10:20, Valid until:2040/12/31 下午10:20
2025-08-16T17:04:41.323+08:00 DEBUG 14772 --- [hybridsearch] [main] [                                                 ] jdk.event.security                       : X509Certificate: Alg:SHA256withRSA, Serial:66c9fcf99bf8c0a39e2f0788a43e696365bca, Subject:CN=Amazon Root CA 1, O=Amazon, C=US, Issuer:CN=Amazon Root CA 1, O=Amazon, C=US, Key type:RSA, Length:2048, Cert Id:2822522334, Valid from:2015/5/26 上午8:00, Valid until:2038/1/17 上午8:00
2025-08-16T17:04:41.323+08:00 DEBUG 14772 --- [hybridsearch] [main] [                                                 ] jdk.event.security                       : X509Certificate: Alg:SHA384withRSA, Serial:66c9fd29635869f0a0fe58678f85b26bb8a37, Subject:CN=Amazon Root CA 2, O=Amazon, C=US, Issuer:CN=Amazon Root CA 2, O=Amazon, C=US, Key type:RSA, Length:4096, Cert Id:2528834908, Valid from:2015/5/26 上午8:00, Valid until:2040/5/26 上午8:00
2025-08-16T17:04:41.324+08:00 DEBUG 14772 --- [hybridsearch] [main] [                                                 ] jdk.event.security                       : X509Certificate: Alg:SHA256withECDSA, Serial:66c9fd5749736663f3b0b9ad9e89e7603f24a, Subject:CN=Amazon Root CA 3, O=Amazon, C=US, Issuer:CN=Amazon Root CA 3, O=Amazon, C=US, Key type:EC, Length:256, Cert Id:2732679773, Valid from:2015/5/26 上午8:00, Valid until:2040/5/26 上午8:00
2025-08-16T17:04:41.324+08:00 DEBUG 14772 --- [hybridsearch] [main] [                                                 ] jdk.event.security                       : X509Certificate: Alg:SHA384withECDSA, Serial:66c9fd7c1bb104c2943e5717b7b2cc81ac10e, Subject:CN=Amazon Root CA 4, O=Amazon, C=US, Issuer:CN=Amazon Root CA 4, O=Amazon, C=US, Key type:EC, Length:384, Cert Id:2640694783, Valid from:2015/5/26 上午8:00, Valid until:2040/5/26 上午8:00
2025-08-16T17:04:41.326+08:00 DEBUG 14772 --- [hybridsearch] [main] [                                                 ] jdk.event.security                       : X509Certificate: Alg:SHA1withRSA, Serial:20000b9, Subject:CN=Baltimore CyberTrust Root, OU=CyberTrust, O=Baltimore, C=IE, Issuer:CN=Baltimore CyberTrust Root, OU=CyberTrust, O=Baltimore, C=IE, Key type:RSA, Length:2048, Cert Id:1425294543, Valid from:2000/5/13 上午2:46, Valid until:2025/5/13 上午7:59
2025-08-16T17:04:41.327+08:00 DEBUG 14772 --- [hybridsearch] [main] [                                                 ] jdk.event.security                       : X509Certificate: Alg:SHA256withRSA, Serial:2, Subject:CN=Buypass Class 2 Root CA, O=Buypass AS-983163327, C=NO, Issuer:CN=Buypass Class 2 Root CA, O=Buypass AS-983163327, C=NO, Key type:RSA, Length:4096, Cert Id:969960563, Valid from:2010/10/26 下午4:38, Valid until:2040/10/26 下午4:38
2025-08-16T17:04:41.327+08:00 DEBUG 14772 --- [hybridsearch] [main] [                                                 ] jdk.event.security                       : X509Certificate: Alg:SHA256withRSA, Serial:2, Subject:CN=Buypass Class 3 Root CA, O=Buypass AS-983163327, C=NO, Issuer:CN=Buypass Class 3 Root CA, O=Buypass AS-983163327, C=NO, Key type:RSA, Length:4096, Cert Id:1264269967, Valid from:2010/10/26 下午4:28, Valid until:2040/10/26 下午4:28
2025-08-16T17:04:41.328+08:00 DEBUG 14772 --- [hybridsearch] [main] [                                                 ] jdk.event.security                       : X509Certificate: Alg:SHA1withRSA, Serial:a3da427ea4b1aeda, Subject:CN=Chambers of Commerce Root - 2008, O=AC Camerfirma S.A., SERIALNUMBER=A82743287, L=Madrid (see current address at www.camerfirma.com/address), C=EU, Issuer:CN=Chambers of Commerce Root - 2008, O=AC Camerfirma S.A., SERIALNUMBER=A82743287, L=Madrid (see current address at www.camerfirma.com/address), C=EU, Key type:RSA, Length:4096, Cert Id:4266703372, Valid from:2008/8/1 下午8:29, Valid until:2038/7/31 下午8:29
2025-08-16T17:04:41.330+08:00 DEBUG 14772 --- [hybridsearch] [main] [                                                 ] jdk.event.security                       : X509Certificate: Alg:SHA1withRSA, Serial:0, Subject:CN=Chambers of Commerce Root, OU=http://www.chambersign.org, O=AC Camerfirma SA CIF A82743287, C=EU, Issuer:CN=Chambers of Commerce Root, OU=http://www.chambersign.org, O=AC Camerfirma SA CIF A82743287, C=EU, Key type:RSA, Length:2048, Cert Id:1827306452, Valid from:2003/10/1 上午12:13, Valid until:2037/10/1 上午12:13
2025-08-16T17:04:41.330+08:00 DEBUG 14772 --- [hybridsearch] [main] [                                                 ] jdk.event.security                       : X509Certificate: Alg:SHA1withRSA, Serial:c9cdd3e9d57d23ce, Subject:CN=Global Chambersign Root - 2008, O=AC Camerfirma S.A., SERIALNUMBER=A82743287, L=Madrid (see current address at www.camerfirma.com/address), C=EU, Issuer:CN=Global Chambersign Root - 2008, O=AC Camerfirma S.A., SERIALNUMBER=A82743287, L=Madrid (see current address at www.camerfirma.com/address), C=EU, Key type:RSA, Length:4096, Cert Id:1271252776, Valid from:2008/8/1 下午8:31, Valid until:2038/7/31 下午8:31
2025-08-16T17:04:41.331+08:00 DEBUG 14772 --- [hybridsearch] [main] [                                                 ] jdk.event.security                       : X509Certificate: Alg:SHA384withECDSA, Serial:62533b1470333275cf98d9ab9bfccf8, Subject:CN=Certainly Root E1, O=Certainly, C=US, Issuer:CN=Certainly Root E1, O=Certainly, C=US, Key type:EC, Length:384, Cert Id:792571453, Valid from:2021/4/1 上午8:00, Valid until:2046/4/1 上午8:00
2025-08-16T17:04:41.331+08:00 DEBUG 14772 --- [hybridsearch] [main] [                                                 ] jdk.event.security                       : X509Certificate: Alg:SHA256withRSA, Serial:8e0ff94b907168653354f4d44439b7e0, Subject:CN=Certainly Root R1, O=Certainly, C=US, Issuer:CN=Certainly Root R1, O=Certainly, C=US, Key type:RSA, Length:4096, Cert Id:2255958535, Valid from:2021/4/1 上午8:00, Valid until:2046/4/1 上午8:00
2025-08-16T17:04:41.332+08:00 DEBUG 14772 --- [hybridsearch] [main] [                                                 ] jdk.event.security                       : X509Certificate: Alg:SHA1withRSA, Serial:fedce3010fc948ff, Subject:CN=Certigna, O=Dhimyotis, C=FR, Issuer:CN=Certigna, O=Dhimyotis, C=FR, Key type:RSA, Length:2048, Cert Id:3506875840, Valid from:2007/6/29 下午11:13, Valid until:2027/6/29 下午11:13
2025-08-16T17:04:41.333+08:00 DEBUG 14772 --- [hybridsearch] [main] [                                                 ] jdk.event.security                       : X509Certificate: Alg:SHA256withRSA, Serial:cae91b89f155030da3e6416dc4e3a6e1, Subject:CN=Certigna Root CA, OU=0002 48146308100036, O=Dhimyotis, C=FR, Issuer:CN=Certigna Root CA, OU=0002 48146308100036, O=Dhimyotis, C=FR, Key type:RSA, Length:4096, Cert Id:356684591, Valid from:2013/10/1 下午4:32, Valid until:2033/10/1 下午4:32
2025-08-16T17:04:41.333+08:00 DEBUG 14772 --- [hybridsearch] [main] [                                                 ] jdk.event.security                       : X509Certificate: Alg:SHA1withRSA, Serial:10020, Subject:CN=Certum CA, O=Unizeto Sp. z o.o., C=PL, Issuer:CN=Certum CA, O=Unizeto Sp. z o.o., C=PL, Key type:RSA, Length:2048, Cert Id:3550516030, Valid from:2002/6/11 下午6:46, Valid until:2027/6/11 下午6:46
2025-08-16T17:04:41.335+08:00 DEBUG 14772 --- [hybridsearch] [main] [                                                 ] jdk.event.security                       : X509Certificate: Alg:SHA1withRSA, Serial:444c0, Subject:CN=Certum Trusted Network CA, OU=Certum Certification Authority, O=Unizeto Technologies S.A., C=PL, Issuer:CN=Certum Trusted Network CA, OU=Certum Certification Authority, O=Unizeto Technologies S.A., C=PL, Key type:RSA, Length:2048, Cert Id:2014002193, Valid from:2008/10/22 下午8:07, Valid until:2029/12/31 下午8:07
2025-08-16T17:04:41.337+08:00 DEBUG 14772 --- [hybridsearch] [main] [                                                 ] jdk.event.security                       : X509Certificate: Alg:SHA1withRSA, Serial:15c8bd65475cafb897005ee406d2bc9d, Subject:OU=ePKI Root Certification Authority, O="Chunghwa Telecom Co., Ltd.", C=TW, Issuer:OU=ePKI Root Certification Authority, O="Chunghwa Telecom Co., Ltd.", C=TW, Key type:RSA, Length:4096, Cert Id:3632331159, Valid from:2004/12/20 上午10:31, Valid until:2034/12/20 上午10:31
2025-08-16T17:04:41.337+08:00 DEBUG 14772 --- [hybridsearch] [main] [                                                 ] jdk.event.security                       : X509Certificate: Alg:SHA1withRSA, Serial:1, Subject:CN=AAA Certificate Services, O=Comodo CA Limited, L=Salford, ST=Greater Manchester, C=GB, Issuer:CN=AAA Certificate Services, O=Comodo CA Limited, L=Salford, ST=Greater Manchester, C=GB, Key type:RSA, Length:2048, Cert Id:3097386402, Valid from:2004/1/1 上午8:00, Valid until:2029/1/1 上午7:59
2025-08-16T17:04:41.338+08:00 DEBUG 14772 --- [hybridsearch] [main] [                                                 ] jdk.event.security                       : X509Certificate: Alg:SHA384withECDSA, Serial:1f47afaa62007050544c019e9b63992a, Subject:CN=COMODO ECC Certification Authority, O=COMODO CA Limited, L=Salford, ST=Greater Manchester, C=GB, Issuer:CN=COMODO ECC Certification Authority, O=COMODO CA Limited, L=Salford, ST=Greater Manchester, C=GB, Key type:EC, Length:384, Cert Id:1146488932, Valid from:2008/3/6 上午8:00, Valid until:2038/1/19 上午7:59
2025-08-16T17:04:41.338+08:00 DEBUG 14772 --- [hybridsearch] [main] [                                                 ] jdk.event.security                       : X509Certificate: Alg:SHA384withRSA, Serial:4caaf9cadb636fe01ff74ed85b03869d, Subject:CN=COMODO RSA Certification Authority, O=COMODO CA Limited, L=Salford, ST=Greater Manchester, C=GB, Issuer:CN=COMODO RSA Certification Authority, O=COMODO CA Limited, L=Salford, ST=Greater Manchester, C=GB, Key type:RSA, Length:4096, Cert Id:1769425049, Valid from:2010/1/19 上午8:00, Valid until:2038/1/19 上午7:59
2025-08-16T17:04:41.339+08:00 DEBUG 14772 --- [hybridsearch] [main] [                                                 ] jdk.event.security                       : X509Certificate: Alg:SHA256withRSA, Serial:b931c3ad63967ea6723bfc3af9af44b, Subject:CN=DigiCert Assured ID Root G2, OU=www.digicert.com, O=DigiCert Inc, C=US, Issuer:CN=DigiCert Assured ID Root G2, OU=www.digicert.com, O=DigiCert Inc, C=US, Key type:RSA, Length:2048, Cert Id:3909568913, Valid from:2013/8/1 下午8:00, Valid until:2038/1/15 下午8:00
2025-08-16T17:04:41.339+08:00 DEBUG 14772 --- [hybridsearch] [main] [                                                 ] jdk.event.security                       : X509Certificate: Alg:SHA384withECDSA, Serial:ba15afa1ddfa0b54944afcd24a06cec, Subject:CN=DigiCert Assured ID Root G3, OU=www.digicert.com, O=DigiCert Inc, C=US, Issuer:CN=DigiCert Assured ID Root G3, OU=www.digicert.com, O=DigiCert Inc, C=US, Key type:EC, Length:384, Cert Id:3649430051, Valid from:2013/8/1 下午8:00, Valid until:2038/1/15 下午8:00
2025-08-16T17:04:41.341+08:00 DEBUG 14772 --- [hybridsearch] [main] [                                                 ] jdk.event.security                       : X509Certificate: Alg:SHA1withRSA, Serial:ce7e0e517d846fe8fe560fc1bf03039, Subject:CN=DigiCert Assured ID Root CA, OU=www.digicert.com, O=DigiCert Inc, C=US, Issuer:CN=DigiCert Assured ID Root CA, OU=www.digicert.com, O=DigiCert Inc, C=US, Key type:RSA, Length:2048, Cert Id:3434562768, Valid from:2006/11/10 上午8:00, Valid until:2031/11/10 上午8:00
2025-08-16T17:04:41.343+08:00 DEBUG 14772 --- [hybridsearch] [main] [                                                 ] jdk.event.security                       : X509Certificate: Alg:SHA384withECDSA, Serial:3698fe712d519f3ced0fdb7b1643011, Subject:CN=DigiCert CS ECC P384 Root G5, O="DigiCert, Inc.", C=US, Issuer:CN=DigiCert CS ECC P384 Root G5, O="DigiCert, Inc.", C=US, Key type:EC, Length:384, Cert Id:381797637, Valid from:2021/1/15 上午8:00, Valid until:2046/1/15 上午7:59
2025-08-16T17:04:41.344+08:00 DEBUG 14772 --- [hybridsearch] [main] [                                                 ] jdk.event.security                       : X509Certificate: Alg:SHA384withRSA, Serial:6cee131be6d55c807f7c0c7fb44e620, Subject:CN=DigiCert CS RSA4096 Root G5, O="DigiCert, Inc.", C=US, Issuer:CN=DigiCert CS RSA4096 Root G5, O="DigiCert, Inc.", C=US, Key type:RSA, Length:4096, Cert Id:1193514382, Valid from:2021/1/15 上午8:00, Valid until:2046/1/15 上午7:59
2025-08-16T17:04:41.346+08:00 DEBUG 14772 --- [hybridsearch] [main] [                                                 ] jdk.event.security                       : X509Certificate: Alg:SHA1withRSA, Serial:83be056904246b1a1756ac95991c74a, Subject:CN=DigiCert Global Root CA, OU=www.digicert.com, O=DigiCert Inc, C=US, Issuer:CN=DigiCert Global Root CA, OU=www.digicert.com, O=DigiCert Inc, C=US, Key type:RSA, Length:2048, Cert Id:1341898239, Valid from:2006/11/10 上午8:00, Valid until:2031/11/10 上午8:00
2025-08-16T17:04:41.346+08:00 DEBUG 14772 --- [hybridsearch] [main] [                                                 ] jdk.event.security                       : X509Certificate: Alg:SHA256withRSA, Serial:33af1e6a711a9a0bb2864b11d09fae5, Subject:CN=DigiCert Global Root G2, OU=www.digicert.com, O=DigiCert Inc, C=US, Issuer:CN=DigiCert Global Root G2, OU=www.digicert.com, O=DigiCert Inc, C=US, Key type:RSA, Length:2048, Cert Id:1136084297, Valid from:2013/8/1 下午8:00, Valid until:2038/1/15 下午8:00
2025-08-16T17:04:41.347+08:00 DEBUG 14772 --- [hybridsearch] [main] [                                                 ] jdk.event.security                       : X509Certificate: Alg:SHA384withECDSA, Serial:55556bcf25ea43535c3a40fd5ab4572, Subject:CN=DigiCert Global Root G3, OU=www.digicert.com, O=DigiCert Inc, C=US, Issuer:CN=DigiCert Global Root G3, OU=www.digicert.com, O=DigiCert Inc, C=US, Key type:EC, Length:384, Cert Id:3498998753, Valid from:2013/8/1 下午8:00, Valid until:2038/1/15 下午8:00
2025-08-16T17:04:41.348+08:00 DEBUG 14772 --- [hybridsearch] [main] [                                                 ] jdk.event.security                       : X509Certificate: Alg:SHA1withRSA, Serial:2ac5c266a0b409b8f0b79f2ae462577, Subject:CN=DigiCert High Assurance EV Root CA, OU=www.digicert.com, O=DigiCert Inc, C=US, Issuer:CN=DigiCert High Assurance EV Root CA, OU=www.digicert.com, O=DigiCert Inc, C=US, Key type:RSA, Length:2048, Cert Id:2884286942, Valid from:2006/11/10 上午8:00, Valid until:2031/11/10 上午8:00
2025-08-16T17:04:41.349+08:00 DEBUG 14772 --- [hybridsearch] [main] [                                                 ] jdk.event.security                       : X509Certificate: Alg:SHA384withECDSA, Serial:9e09365acf7d9c8b93e1c0b042a2ef3, Subject:CN=DigiCert TLS ECC P384 Root G5, O="DigiCert, Inc.", C=US, Issuer:CN=DigiCert TLS ECC P384 Root G5, O="DigiCert, Inc.", C=US, Key type:EC, Length:384, Cert Id:3940772018, Valid from:2021/1/15 上午8:00, Valid until:2046/1/15 上午7:59
2025-08-16T17:04:41.350+08:00 DEBUG 14772 --- [hybridsearch] [main] [                                                 ] jdk.event.security                       : X509Certificate: Alg:SHA384withRSA, Serial:8f9b478a8fa7eda6a333789de7ccf8a, Subject:CN=DigiCert TLS RSA4096 Root G5, O="DigiCert, Inc.", C=US, Issuer:CN=DigiCert TLS RSA4096 Root G5, O="DigiCert, Inc.", C=US, Key type:RSA, Length:4096, Cert Id:165956757, Valid from:2021/1/15 上午8:00, Valid until:2046/1/15 上午7:59
2025-08-16T17:04:41.350+08:00 DEBUG 14772 --- [hybridsearch] [main] [                                                 ] jdk.event.security                       : X509Certificate: Alg:SHA384withRSA, Serial:59b1b579e8e2132e23907bda777755c, Subject:CN=DigiCert Trusted Root G4, OU=www.digicert.com, O=DigiCert Inc, C=US, Issuer:CN=DigiCert Trusted Root G4, OU=www.digicert.com, O=DigiCert Inc, C=US, Key type:RSA, Length:4096, Cert Id:1057369358, Valid from:2013/8/1 下午8:00, Valid until:2038/1/15 下午8:00
2025-08-16T17:04:41.350+08:00 DEBUG 14772 --- [hybridsearch] [main] [                                                 ] jdk.event.security                       : X509Certificate: Alg:SHA256withRSA, Serial:983f3, Subject:CN=D-TRUST Root Class 3 CA 2 2009, O=D-Trust GmbH, C=DE, Issuer:CN=D-TRUST Root Class 3 CA 2 2009, O=D-Trust GmbH, C=DE, Key type:RSA, Length:2048, Cert Id:1430153102, Valid from:2009/11/5 下午4:35, Valid until:2029/11/5 下午4:35
2025-08-16T17:04:41.351+08:00 DEBUG 14772 --- [hybridsearch] [main] [                                                 ] jdk.event.security                       : X509Certificate: Alg:SHA256withRSA, Serial:983f4, Subject:CN=D-TRUST Root Class 3 CA 2 EV 2009, O=D-Trust GmbH, C=DE, Issuer:CN=D-TRUST Root Class 3 CA 2 EV 2009, O=D-Trust GmbH, C=DE, Key type:RSA, Length:2048, Cert Id:971313728, Valid from:2009/11/5 下午4:50, Valid until:2029/11/5 下午4:50
2025-08-16T17:04:41.351+08:00 DEBUG 14772 --- [hybridsearch] [main] [                                                 ] jdk.event.security                       : X509Certificate: Alg:SHA384withECDSA, Serial:3cf607a968700eda8b84, Subject:CN=emSign ECC Root CA - G3, O=eMudhra Technologies Limited, OU=emSign PKI, C=IN, Issuer:CN=emSign ECC Root CA - G3, O=eMudhra Technologies Limited, OU=emSign PKI, C=IN, Key type:EC, Length:384, Cert Id:3832035707, Valid from:2018/2/19 上午2:30, Valid until:2043/2/19 上午2:30
2025-08-16T17:04:41.351+08:00 DEBUG 14772 --- [hybridsearch] [main] [                                                 ] jdk.event.security                       : X509Certificate: Alg:SHA256withRSA, Serial:31f5e4620c6c58edd6d8, Subject:CN=emSign Root CA - G1, O=eMudhra Technologies Limited, OU=emSign PKI, C=IN, Issuer:CN=emSign Root CA - G1, O=eMudhra Technologies Limited, OU=emSign PKI, C=IN, Key type:RSA, Length:2048, Cert Id:392709196, Valid from:2018/2/19 上午2:30, Valid until:2043/2/19 上午2:30
2025-08-16T17:04:41.353+08:00 DEBUG 14772 --- [hybridsearch] [main] [                                                 ] jdk.event.security                       : X509Certificate: Alg:SHA384withRSA, Serial:864dbf0fe35ed77d8ed8, Subject:CN=emSign Root CA - G2, O=eMudhra Technologies Limited, OU=emSign PKI, C=IN, Issuer:CN=emSign Root CA - G2, O=eMudhra Technologies Limited, OU=emSign PKI, C=IN, Key type:RSA, Length:4096, Cert Id:3373940126, Valid from:2018/2/19 上午2:30, Valid until:2043/2/19 上午2:30
2025-08-16T17:04:41.353+08:00 DEBUG 14772 --- [hybridsearch] [main] [                                                 ] jdk.event.security                       : X509Certificate: Alg:SHA1withRSA, Serial:3863def8, Subject:CN=Entrust.net Certification Authority (2048), OU=(c) 1999 Entrust.net Limited, OU=www.entrust.net/CPS_2048 incorp. by ref. (limits liab.), O=Entrust.net, Issuer:CN=Entrust.net Certification Authority (2048), OU=(c) 1999 Entrust.net Limited, OU=www.entrust.net/CPS_2048 incorp. by ref. (limits liab.), O=Entrust.net, Key type:RSA, Length:2048, Cert Id:3966431214, Valid from:1999/12/25 上午1:50, Valid until:2029/7/24 下午10:15
2025-08-16T17:04:41.354+08:00 DEBUG 14772 --- [hybridsearch] [main] [                                                 ] jdk.event.security                       : X509Certificate: Alg:SHA1withRSA, Serial:456b5054, Subject:CN=Entrust Root Certification Authority, OU="(c) 2006 Entrust, Inc.", OU=www.entrust.net/CPS is incorporated by reference, O="Entrust, Inc.", C=US, Issuer:CN=Entrust Root Certification Authority, OU="(c) 2006 Entrust, Inc.", OU=www.entrust.net/CPS is incorporated by reference, O="Entrust, Inc.", C=US, Key type:RSA, Length:2048, Cert Id:3033563200, Valid from:2006/11/28 上午4:23, Valid until:2026/11/28 上午4:53
2025-08-16T17:04:41.354+08:00 DEBUG 14772 --- [hybridsearch] [main] [                                                 ] jdk.event.security                       : X509Certificate: Alg:SHA384withECDSA, Serial:a68b79290000000050d091f9, Subject:CN=Entrust Root Certification Authority - EC1, OU="(c) 2012 Entrust, Inc. - for authorized use only", OU=See www.entrust.net/legal-terms, O="Entrust, Inc.", C=US, Issuer:CN=Entrust Root Certification Authority - EC1, OU="(c) 2012 Entrust, Inc. - for authorized use only", OU=See www.entrust.net/legal-terms, O="Entrust, Inc.", C=US, Key type:EC, Length:384, Cert Id:924514073, Valid from:2012/12/18 下午11:25, Valid until:2037/12/18 下午11:55
2025-08-16T17:04:41.354+08:00 DEBUG 14772 --- [hybridsearch] [main] [                                                 ] jdk.event.security                       : X509Certificate: Alg:SHA256withRSA, Serial:4a538c28, Subject:CN=Entrust Root Certification Authority - G2, OU="(c) 2009 Entrust, Inc. - for authorized use only", OU=See www.entrust.net/legal-terms, O="Entrust, Inc.", C=US, Issuer:CN=Entrust Root Certification Authority - G2, OU="(c) 2009 Entrust, Inc. - for authorized use only", OU=See www.entrust.net/legal-terms, O="Entrust, Inc.", C=US, Key type:RSA, Length:2048, Cert Id:1936920337, Valid from:2009/7/8 上午1:25, Valid until:2030/12/8 上午1:55
2025-08-16T17:04:41.355+08:00 DEBUG 14772 --- [hybridsearch] [main] [                                                 ] jdk.event.security                       : X509Certificate: Alg:SHA256withRSA, Serial:d9b5437fafa9390f000000005565ad58, Subject:CN=Entrust Root Certification Authority - G4, OU="(c) 2015 Entrust, Inc. - for authorized use only", OU=See www.entrust.net/legal-terms, O="Entrust, Inc.", C=US, Issuer:CN=Entrust Root Certification Authority - G4, OU="(c) 2015 Entrust, Inc. - for authorized use only", OU=See www.entrust.net/legal-terms, O="Entrust, Inc.", C=US, Key type:RSA, Length:4096, Cert Id:1368037548, Valid from:2015/5/27 下午7:11, Valid until:2037/12/27 下午7:41
2025-08-16T17:04:41.355+08:00 DEBUG 14772 --- [hybridsearch] [main] [                                                 ] jdk.event.security                       : X509Certificate: Alg:SHA1withRSA, Serial:23456, Subject:CN=GeoTrust Global CA, O=GeoTrust Inc., C=US, Issuer:CN=GeoTrust Global CA, O=GeoTrust Inc., C=US, Key type:RSA, Length:2048, Cert Id:2266349922, Valid from:2002/5/21 下午12:00, Valid until:2022/5/21 下午12:00
2025-08-16T17:04:41.356+08:00 DEBUG 14772 --- [hybridsearch] [main] [                                                 ] jdk.event.security                       : X509Certificate: Alg:SHA1withRSA, Serial:18acb56afd69b6153a636cafdafac4a1, Subject:CN=GeoTrust Primary Certification Authority, O=GeoTrust Inc., C=US, Issuer:CN=GeoTrust Primary Certification Authority, O=GeoTrust Inc., C=US, Key type:RSA, Length:2048, Cert Id:3329622139, Valid from:2006/11/27 上午8:00, Valid until:2036/7/17 上午7:59
2025-08-16T17:04:41.356+08:00 DEBUG 14772 --- [hybridsearch] [main] [                                                 ] jdk.event.security                       : X509Certificate: Alg:SHA384withECDSA, Serial:3cb2f4480a00e2feeb243b5e603ec36b, Subject:CN=GeoTrust Primary Certification Authority - G2, OU=(c) 2007 GeoTrust Inc. - For authorized use only, O=GeoTrust Inc., C=US, Issuer:CN=GeoTrust Primary Certification Authority - G2, OU=(c) 2007 GeoTrust Inc. - For authorized use only, O=GeoTrust Inc., C=US, Key type:EC, Length:384, Cert Id:3180663474, Valid from:2007/11/5 上午8:00, Valid until:2038/1/19 上午7:59
2025-08-16T17:04:41.356+08:00 DEBUG 14772 --- [hybridsearch] [main] [                                                 ] jdk.event.security                       : X509Certificate: Alg:SHA256withRSA, Serial:15ac6e9419b2794b41f627a9c3180f1f, Subject:CN=GeoTrust Primary Certification Authority - G3, OU=(c) 2008 GeoTrust Inc. - For authorized use only, O=GeoTrust Inc., C=US, Issuer:CN=GeoTrust Primary Certification Authority - G3, OU=(c) 2008 GeoTrust Inc. - For authorized use only, O=GeoTrust Inc., C=US, Key type:RSA, Length:2048, Cert Id:2964813538, Valid from:2008/4/2 上午8:00, Valid until:2037/12/2 上午7:59
2025-08-16T17:04:41.357+08:00 DEBUG 14772 --- [hybridsearch] [main] [                                                 ] jdk.event.security                       : X509Certificate: Alg:SHA1withRSA, Serial:1, Subject:CN=GeoTrust Universal CA, O=GeoTrust Inc., C=US, Issuer:CN=GeoTrust Universal CA, O=GeoTrust Inc., C=US, Key type:RSA, Length:4096, Cert Id:313566089, Valid from:2004/3/4 下午1:00, Valid until:2029/3/4 下午1:00
2025-08-16T17:04:41.358+08:00 DEBUG 14772 --- [hybridsearch] [main] [                                                 ] jdk.event.security                       : X509Certificate: Alg:SHA1withRSA, Serial:40000000001154b5ac394, Subject:CN=GlobalSign Root CA, OU=Root CA, O=GlobalSign nv-sa, C=BE, Issuer:CN=GlobalSign Root CA, OU=Root CA, O=GlobalSign nv-sa, C=BE, Key type:RSA, Length:2048, Cert Id:536948034, Valid from:1998/9/1 下午8:00, Valid until:2028/1/28 下午8:00
2025-08-16T17:04:41.358+08:00 DEBUG 14772 --- [hybridsearch] [main] [                                                 ] jdk.event.security                       : X509Certificate: Alg:SHA256withECDSA, Serial:2a38a41c960a04de42b228a50be8349802, Subject:CN=GlobalSign, O=GlobalSign, OU=GlobalSign ECC Root CA - R4, Issuer:CN=GlobalSign, O=GlobalSign, OU=GlobalSign ECC Root CA - R4, Key type:EC, Length:256, Cert Id:2371693751, Valid from:2012/11/13 上午8:00, Valid until:2038/1/19 上午11:14
2025-08-16T17:04:41.358+08:00 DEBUG 14772 --- [hybridsearch] [main] [                                                 ] jdk.event.security                       : X509Certificate: Alg:SHA384withECDSA, Serial:605949e0262ebb55f90a778a71f94ad86c, Subject:CN=GlobalSign, O=GlobalSign, OU=GlobalSign ECC Root CA - R5, Issuer:CN=GlobalSign, O=GlobalSign, OU=GlobalSign ECC Root CA - R5, Key type:EC, Length:384, Cert Id:1997048439, Valid from:2012/11/13 上午8:00, Valid until:2038/1/19 上午11:14
2025-08-16T17:04:41.359+08:00 DEBUG 14772 --- [hybridsearch] [main] [                                                 ] jdk.event.security                       : X509Certificate: Alg:SHA256withRSA, Serial:4000000000121585308a2, Subject:CN=GlobalSign, O=GlobalSign, OU=GlobalSign Root CA - R3, Issuer:CN=GlobalSign, O=GlobalSign, OU=GlobalSign Root CA - R3, Key type:RSA, Length:2048, Cert Id:733875591, Valid from:2009/3/18 下午6:00, Valid until:2029/3/18 下午6:00
2025-08-16T17:04:41.359+08:00 DEBUG 14772 --- [hybridsearch] [main] [                                                 ] jdk.event.security                       : X509Certificate: Alg:SHA384withRSA, Serial:45e6bb038333c3856548e6ff4551, Subject:CN=GlobalSign, O=GlobalSign, OU=GlobalSign Root CA - R6, Issuer:CN=GlobalSign, O=GlobalSign, OU=GlobalSign Root CA - R6, Key type:RSA, Length:4096, Cert Id:3788339543, Valid from:2014/12/10 上午8:00, Valid until:2034/12/10 上午8:00
2025-08-16T17:04:41.360+08:00 DEBUG 14772 --- [hybridsearch] [main] [                                                 ] jdk.event.security                       : X509Certificate: Alg:SHA1withRSA, Serial:0, Subject:OU=Go Daddy Class 2 Certification Authority, O="The Go Daddy Group, Inc.", C=US, Issuer:OU=Go Daddy Class 2 Certification Authority, O="The Go Daddy Group, Inc.", C=US, Key type:RSA, Length:2048, Cert Id:4023522997, Valid from:2004/6/30 上午1:06, Valid until:2034/6/30 上午1:06
2025-08-16T17:04:41.360+08:00 DEBUG 14772 --- [hybridsearch] [main] [                                                 ] jdk.event.security                       : X509Certificate: Alg:SHA256withRSA, Serial:0, Subject:CN=Go Daddy Root Certificate Authority - G2, O="GoDaddy.com, Inc.", L=Scottsdale, ST=Arizona, C=US, Issuer:CN=Go Daddy Root Certificate Authority - G2, O="GoDaddy.com, Inc.", L=Scottsdale, ST=Arizona, C=US, Key type:RSA, Length:2048, Cert Id:439600313, Valid from:2009/9/1 上午8:00, Valid until:2038/1/1 上午7:59
2025-08-16T17:04:41.361+08:00 DEBUG 14772 --- [hybridsearch] [main] [                                                 ] jdk.event.security                       : X509Certificate: Alg:SHA384withRSA, Serial:203e5936f31b01349886ba217, Subject:CN=GTS Root R1, O=Google Trust Services LLC, C=US, Issuer:CN=GTS Root R1, O=Google Trust Services LLC, C=US, Key type:RSA, Length:4096, Cert Id:657172038, Valid from:2016/6/22 上午8:00, Valid until:2036/6/22 上午8:00
2025-08-16T17:04:41.361+08:00 DEBUG 14772 --- [hybridsearch] [main] [                                                 ] jdk.event.security                       : X509Certificate: Alg:SHA384withRSA, Serial:203e5aec58d04251aab1125aa, Subject:CN=GTS Root R2, O=Google Trust Services LLC, C=US, Issuer:CN=GTS Root R2, O=Google Trust Services LLC, C=US, Key type:RSA, Length:4096, Cert Id:948387669, Valid from:2016/6/22 上午8:00, Valid until:2036/6/22 上午8:00
2025-08-16T17:04:41.362+08:00 DEBUG 14772 --- [hybridsearch] [main] [                                                 ] jdk.event.security                       : X509Certificate: Alg:SHA384withECDSA, Serial:203e5b882eb20f825276d3d66, Subject:CN=GTS Root R3, O=Google Trust Services LLC, C=US, Issuer:CN=GTS Root R3, O=Google Trust Services LLC, C=US, Key type:EC, Length:384, Cert Id:1163081155, Valid from:2016/6/22 上午8:00, Valid until:2036/6/22 上午8:00
2025-08-16T17:04:41.363+08:00 DEBUG 14772 --- [hybridsearch] [main] [                                                 ] jdk.event.security                       : X509Certificate: Alg:SHA384withECDSA, Serial:203e5c068ef631a9c72905052, Subject:CN=GTS Root R4, O=Google Trust Services LLC, C=US, Issuer:CN=GTS Root R4, O=Google Trust Services LLC, C=US, Key type:EC, Length:384, Cert Id:1326433111, Valid from:2016/6/22 上午8:00, Valid until:2036/6/22 上午8:00
2025-08-16T17:04:41.363+08:00 DEBUG 14772 --- [hybridsearch] [main] [                                                 ] jdk.event.security                       : X509Certificate: Alg:SHA256withECDSA, Serial:0, Subject:CN=Hellenic Academic and Research Institutions ECC RootCA 2015, O=Hellenic Academic and Research Institutions Cert. Authority, L=Athens, C=GR, Issuer:CN=Hellenic Academic and Research Institutions ECC RootCA 2015, O=Hellenic Academic and Research Institutions Cert. Authority, L=Athens, C=GR, Key type:EC, Length:384, Cert Id:513613456, Valid from:2015/7/7 下午6:37, Valid until:2040/6/30 下午6:37
2025-08-16T17:04:41.363+08:00 DEBUG 14772 --- [hybridsearch] [main] [                                                 ] jdk.event.security                       : X509Certificate: Alg:SHA256withRSA, Serial:0, Subject:CN=Hellenic Academic and Research Institutions RootCA 2015, O=Hellenic Academic and Research Institutions Cert. Authority, L=Athens, C=GR, Issuer:CN=Hellenic Academic and Research Institutions RootCA 2015, O=Hellenic Academic and Research Institutions Cert. Authority, L=Athens, C=GR, Key type:RSA, Length:4096, Cert Id:3491990565, Valid from:2015/7/7 下午6:11, Valid until:2040/6/30 下午6:11
2025-08-16T17:04:41.365+08:00 DEBUG 14772 --- [hybridsearch] [main] [                                                 ] jdk.event.security                       : X509Certificate: Alg:SHA256withRSA, Serial:a0142800000014523c844b500000002, Subject:CN=IdenTrust Commercial Root CA 1, O=IdenTrust, C=US, Issuer:CN=IdenTrust Commercial Root CA 1, O=IdenTrust, C=US, Key type:RSA, Length:4096, Cert Id:1232565210, Valid from:2014/1/17 上午2:12, Valid until:2034/1/17 上午2:12
2025-08-16T17:04:41.366+08:00 DEBUG 14772 --- [hybridsearch] [main] [                                                 ] jdk.event.security                       : X509Certificate: Alg:SHA256withRSA, Serial:a0142800000014523cf467c00000002, Subject:CN=IdenTrust Public Sector Root CA 1, O=IdenTrust, C=US, Issuer:CN=IdenTrust Public Sector Root CA 1, O=IdenTrust, C=US, Key type:RSA, Length:4096, Cert Id:2123370772, Valid from:2014/1/17 上午1:53, Valid until:2034/1/17 上午1:53
2025-08-16T17:04:41.367+08:00 DEBUG 14772 --- [hybridsearch] [main] [                                                 ] jdk.event.security                       : X509Certificate: Alg:SHA256withRSA, Serial:8210cfb0d240e3594463e0bb63828b00, Subject:CN=ISRG Root X1, O=Internet Security Research Group, C=US, Issuer:CN=ISRG Root X1, O=Internet Security Research Group, C=US, Key type:RSA, Length:4096, Cert Id:1521974916, Valid from:2015/6/4 下午7:04, Valid until:2035/6/4 下午7:04
2025-08-16T17:04:41.368+08:00 DEBUG 14772 --- [hybridsearch] [main] [                                                 ] jdk.event.security                       : X509Certificate: Alg:SHA384withECDSA, Serial:41d29dd172eaeea780c12c6ce92f8752, Subject:CN=ISRG Root X2, O=Internet Security Research Group, C=US, Issuer:CN=ISRG Root X2, O=Internet Security Research Group, C=US, Key type:EC, Length:384, Cert Id:3398642244, Valid from:2020/9/4 上午8:00, Valid until:2040/9/18 上午12:00
2025-08-16T17:04:41.369+08:00 DEBUG 14772 --- [hybridsearch] [main] [                                                 ] jdk.event.security                       : X509Certificate: Alg:SHA256withRSA, Serial:a7ea6df4b449eda6a24859ee6b815d3167fbbb1, Subject:CN=LuxTrust Global Root 2, O=LuxTrust S.A., C=LU, Issuer:CN=LuxTrust Global Root 2, O=LuxTrust S.A., C=LU, Key type:RSA, Length:4096, Cert Id:3055636602, Valid from:2015/3/5 下午9:21, Valid until:2035/3/5 下午9:21
2025-08-16T17:04:41.369+08:00 DEBUG 14772 --- [hybridsearch] [main] [                                                 ] jdk.event.security                       : X509Certificate: Alg:SHA256withRSA, Serial:bb8, Subject:CN=LuxTrust Global Root, O=LuxTrust s.a., C=LU, Issuer:CN=LuxTrust Global Root, O=LuxTrust s.a., C=LU, Key type:RSA, Length:2048, Cert Id:1714819687, Valid from:2011/3/17 下午5:51, Valid until:2021/3/17 下午5:51
2025-08-16T17:04:41.369+08:00 DEBUG 14772 --- [hybridsearch] [main] [                                                 ] jdk.event.security                       : X509Certificate: Alg:SHA384withECDSA, Serial:66f23daf87de8bb14aea0c573101c2ec, Subject:CN=Microsoft ECC Root Certificate Authority 2017, O=Microsoft Corporation, C=US, Issuer:CN=Microsoft ECC Root Certificate Authority 2017, O=Microsoft Corporation, C=US, Key type:EC, Length:384, Cert Id:3240761285, Valid from:2019/12/19 上午7:06, Valid until:2042/7/19 上午7:16
2025-08-16T17:04:41.371+08:00 DEBUG 14772 --- [hybridsearch] [main] [                                                 ] jdk.event.security                       : X509Certificate: Alg:SHA384withRSA, Serial:1ed397095fd8b4b347701eaabe7f45b3, Subject:CN=Microsoft RSA Root Certificate Authority 2017, O=Microsoft Corporation, C=US, Issuer:CN=Microsoft RSA Root Certificate Authority 2017, O=Microsoft Corporation, C=US, Key type:RSA, Length:4096, Cert Id:2848349048, Valid from:2019/12/19 上午6:51, Valid until:2042/7/19 上午7:00
2025-08-16T17:04:41.372+08:00 DEBUG 14772 --- [hybridsearch] [main] [                                                 ] jdk.event.security                       : X509Certificate: Alg:SHA1withRSA, Serial:3ab6508b, Subject:CN=QuoVadis Root Certification Authority, OU=Root Certification Authority, O=QuoVadis Limited, C=BM, Issuer:CN=QuoVadis Root Certification Authority, OU=Root Certification Authority, O=QuoVadis Limited, C=BM, Key type:RSA, Length:2048, Cert Id:2412561694, Valid from:2001/3/20 上午2:33, Valid until:2021/3/18 上午2:33
2025-08-16T17:04:41.372+08:00 DEBUG 14772 --- [hybridsearch] [main] [                                                 ] jdk.event.security                       : X509Certificate: Alg:SHA256withRSA, Serial:78585f2ead2c194be3370735341328b596d46593, Subject:CN=QuoVadis Root CA 1 G3, O=QuoVadis Limited, C=BM, Issuer:CN=QuoVadis Root CA 1 G3, O=QuoVadis Limited, C=BM, Key type:RSA, Length:4096, Cert Id:3532531262, Valid from:2012/1/13 上午1:27, Valid until:2042/1/13 上午1:27
2025-08-16T17:04:41.372+08:00 DEBUG 14772 --- [hybridsearch] [main] [                                                 ] jdk.event.security                       : X509Certificate: Alg:SHA1withRSA, Serial:509, Subject:CN=QuoVadis Root CA 2, O=QuoVadis Limited, C=BM, Issuer:CN=QuoVadis Root CA 2, O=QuoVadis Limited, C=BM, Key type:RSA, Length:4096, Cert Id:338250116, Valid from:2006/11/25 上午2:27, Valid until:2031/11/25 上午2:23
2025-08-16T17:04:41.372+08:00 DEBUG 14772 --- [hybridsearch] [main] [                                                 ] jdk.event.security                       : X509Certificate: Alg:SHA256withRSA, Serial:445734245b81899b35f2ceb82b3b5ba726f07528, Subject:CN=QuoVadis Root CA 2 G3, O=QuoVadis Limited, C=BM, Issuer:CN=QuoVadis Root CA 2 G3, O=QuoVadis Limited, C=BM, Key type:RSA, Length:4096, Cert Id:696763521, Valid from:2012/1/13 上午2:59, Valid until:2042/1/13 上午2:59
2025-08-16T17:04:41.373+08:00 DEBUG 14772 --- [hybridsearch] [main] [                                                 ] jdk.event.security                       : X509Certificate: Alg:SHA1withRSA, Serial:5c6, Subject:CN=QuoVadis Root CA 3, O=QuoVadis Limited, C=BM, Issuer:CN=QuoVadis Root CA 3, O=QuoVadis Limited, C=BM, Key type:RSA, Length:4096, Cert Id:1470392860, Valid from:2006/11/25 上午3:11, Valid until:2031/11/25 上午3:06
2025-08-16T17:04:41.373+08:00 DEBUG 14772 --- [hybridsearch] [main] [                                                 ] jdk.event.security                       : X509Certificate: Alg:SHA256withRSA, Serial:2ef59b0228a7db7affd5a3a9eebd03a0cf126a1d, Subject:CN=QuoVadis Root CA 3 G3, O=QuoVadis Limited, C=BM, Issuer:CN=QuoVadis Root CA 3 G3, O=QuoVadis Limited, C=BM, Key type:RSA, Length:4096, Cert Id:3589344305, Valid from:2012/1/13 上午4:26, Valid until:2042/1/13 上午4:26
2025-08-16T17:04:41.373+08:00 DEBUG 14772 --- [hybridsearch] [main] [                                                 ] jdk.event.security                       : X509Certificate: Alg:SHA256withRSA, Serial:0, Subject:OU=Security Communication RootCA2, O="SECOM Trust Systems CO.,LTD.", C=JP, Issuer:OU=Security Communication RootCA2, O="SECOM Trust Systems CO.,LTD.", C=JP, Key type:RSA, Length:2048, Cert Id:1521072570, Valid from:2009/5/29 下午1:00, Valid until:2029/5/29 下午1:00
2025-08-16T17:04:41.374+08:00 DEBUG 14772 --- [hybridsearch] [main] [                                                 ] jdk.event.security                       : X509Certificate: Alg:SHA1withRSA, Serial:cf08e5c0816a5ad427ff0eb271859d0, Subject:CN=SecureTrust CA, O=SecureTrust Corporation, C=US, Issuer:CN=SecureTrust CA, O=SecureTrust Corporation, C=US, Key type:RSA, Length:2048, Cert Id:2034155325, Valid from:2006/11/8 上午3:31, Valid until:2030/1/1 上午3:40
2025-08-16T17:04:41.374+08:00 DEBUG 14772 --- [hybridsearch] [main] [                                                 ] jdk.event.security                       : X509Certificate: Alg:SHA256withECDSA, Serial:75e6dfcbc1685ba8, Subject:CN=SSL.com Root Certification Authority ECC, O=SSL Corporation, L=Houston, ST=Texas, C=US, Issuer:CN=SSL.com Root Certification Authority ECC, O=SSL Corporation, L=Houston, ST=Texas, C=US, Key type:EC, Length:384, Cert Id:2926673683, Valid from:2016/2/13 上午2:14, Valid until:2041/2/13 上午2:14
2025-08-16T17:04:41.374+08:00 DEBUG 14772 --- [hybridsearch] [main] [                                                 ] jdk.event.security                       : X509Certificate: Alg:SHA256withRSA, Serial:56b629cd34bc78f6, Subject:CN=SSL.com EV Root Certification Authority RSA R2, O=SSL Corporation, L=Houston, ST=Texas, C=US, Issuer:CN=SSL.com EV Root Certification Authority RSA R2, O=SSL Corporation, L=Houston, ST=Texas, C=US, Key type:RSA, Length:4096, Cert Id:1381862403, Valid from:2017/6/1 上午2:14, Valid until:2042/5/31 上午2:14
2025-08-16T17:04:41.376+08:00 DEBUG 14772 --- [hybridsearch] [main] [                                                 ] jdk.event.security                       : X509Certificate: Alg:SHA256withRSA, Serial:7b2c9bd316803299, Subject:CN=SSL.com Root Certification Authority RSA, O=SSL Corporation, L=Houston, ST=Texas, C=US, Issuer:CN=SSL.com Root Certification Authority RSA, O=SSL Corporation, L=Houston, ST=Texas, C=US, Key type:RSA, Length:4096, Cert Id:156725711, Valid from:2016/2/13 上午1:39, Valid until:2041/2/13 上午1:39
2025-08-16T17:04:41.376+08:00 DEBUG 14772 --- [hybridsearch] [main] [                                                 ] jdk.event.security                       : X509Certificate: Alg:SHA1withRSA, Serial:0, Subject:OU=Starfield Class 2 Certification Authority, O="Starfield Technologies, Inc.", C=US, Issuer:OU=Starfield Class 2 Certification Authority, O="Starfield Technologies, Inc.", C=US, Key type:RSA, Length:2048, Cert Id:1825617644, Valid from:2004/6/30 上午1:39, Valid until:2034/6/30 上午1:39
2025-08-16T17:04:41.377+08:00 DEBUG 14772 --- [hybridsearch] [main] [                                                 ] jdk.event.security                       : X509Certificate: Alg:SHA256withRSA, Serial:0, Subject:CN=Starfield Root Certificate Authority - G2, O="Starfield Technologies, Inc.", L=Scottsdale, ST=Arizona, C=US, Issuer:CN=Starfield Root Certificate Authority - G2, O="Starfield Technologies, Inc.", L=Scottsdale, ST=Arizona, C=US, Key type:RSA, Length:2048, Cert Id:3268325709, Valid from:2009/9/1 上午8:00, Valid until:2038/1/1 上午7:59
2025-08-16T17:04:41.377+08:00 DEBUG 14772 --- [hybridsearch] [main] [                                                 ] jdk.event.security                       : X509Certificate: Alg:SHA256withRSA, Serial:0, Subject:CN=Starfield Services Root Certificate Authority - G2, O="Starfield Technologies, Inc.", L=Scottsdale, ST=Arizona, C=US, Issuer:CN=Starfield Services Root Certificate Authority - G2, O="Starfield Technologies, Inc.", L=Scottsdale, ST=Arizona, C=US, Key type:RSA, Length:2048, Cert Id:1964785574, Valid from:2009/9/1 上午8:00, Valid until:2038/1/1 上午7:59
2025-08-16T17:04:41.377+08:00 DEBUG 14772 --- [hybridsearch] [main] [                                                 ] jdk.event.security                       : X509Certificate: Alg:SHA1withRSA, Serial:bb401c43f55e4fb0, Subject:CN=SwissSign Gold CA - G2, O=SwissSign AG, C=CH, Issuer:CN=SwissSign Gold CA - G2, O=SwissSign AG, C=CH, Key type:RSA, Length:4096, Cert Id:1516221943, Valid from:2006/10/25 下午4:30, Valid until:2036/10/25 下午4:30
2025-08-16T17:04:41.378+08:00 DEBUG 14772 --- [hybridsearch] [main] [                                                 ] jdk.event.security                       : X509Certificate: Alg:SHA1withRSA, Serial:4eb200670c035d4f, Subject:CN=SwissSign Platinum CA - G2, O=SwissSign AG, C=CH, Issuer:CN=SwissSign Platinum CA - G2, O=SwissSign AG, C=CH, Key type:RSA, Length:4096, Cert Id:771312514, Valid from:2006/10/25 下午4:36, Valid until:2036/10/25 下午4:36
2025-08-16T17:04:41.379+08:00 DEBUG 14772 --- [hybridsearch] [main] [                                                 ] jdk.event.security                       : X509Certificate: Alg:SHA1withRSA, Serial:4f1bd42f54bb2f4b, Subject:CN=SwissSign Silver CA - G2, O=SwissSign AG, C=CH, Issuer:CN=SwissSign Silver CA - G2, O=SwissSign AG, C=CH, Key type:RSA, Length:4096, Cert Id:126726124, Valid from:2006/10/25 下午4:32, Valid until:2036/10/25 下午4:32
2025-08-16T17:04:41.379+08:00 DEBUG 14772 --- [hybridsearch] [main] [                                                 ] jdk.event.security                       : X509Certificate: Alg:SHA256withRSA, Serial:1675f27d6fe7ae3e4acbe095b059e, Subject:CN=Telia Root CA v2, O=Telia Finland Oyj, C=FI, Issuer:CN=Telia Root CA v2, O=Telia Finland Oyj, C=FI, Key type:RSA, Length:4096, Cert Id:3473063976, Valid from:2018/11/29 下午7:55, Valid until:2043/11/29 下午7:55
2025-08-16T17:04:41.379+08:00 DEBUG 14772 --- [hybridsearch] [main] [                                                 ] jdk.event.security                       : X509Certificate: Alg:SHA1withRSA, Serial:95be16a0f72e46f17b398272fa8bcd96, Subject:CN=TeliaSonera Root CA v1, O=TeliaSonera, Issuer:CN=TeliaSonera Root CA v1, O=TeliaSonera, Key type:RSA, Length:4096, Cert Id:1495358374, Valid from:2007/10/18 下午8:00, Valid until:2032/10/18 下午8:00
2025-08-16T17:04:41.380+08:00 DEBUG 14772 --- [hybridsearch] [main] [                                                 ] jdk.event.security                       : X509Certificate: Alg:SHA1withRSA, Serial:344ed55720d5edec49f42fce37db2b6d, Subject:CN=thawte Primary Root CA, OU="(c) 2006 thawte, Inc. - For authorized use only", OU=Certification Services Division, O="thawte, Inc.", C=US, Issuer:CN=thawte Primary Root CA, OU="(c) 2006 thawte, Inc. - For authorized use only", OU=Certification Services Division, O="thawte, Inc.", C=US, Key type:RSA, Length:2048, Cert Id:643000026, Valid from:2006/11/17 上午8:00, Valid until:2036/7/17 上午7:59
2025-08-16T17:04:41.381+08:00 DEBUG 14772 --- [hybridsearch] [main] [                                                 ] jdk.event.security                       : X509Certificate: Alg:SHA384withECDSA, Serial:35fc265cd9844fc93d263d579baed756, Subject:CN=thawte Primary Root CA - G2, OU="(c) 2007 thawte, Inc. - For authorized use only", O="thawte, Inc.", C=US, Issuer:CN=thawte Primary Root CA - G2, OU="(c) 2007 thawte, Inc. - For authorized use only", O="thawte, Inc.", C=US, Key type:EC, Length:384, Cert Id:2068083090, Valid from:2007/11/5 上午8:00, Valid until:2038/1/19 上午7:59
2025-08-16T17:04:41.382+08:00 DEBUG 14772 --- [hybridsearch] [main] [                                                 ] jdk.event.security                       : X509Certificate: Alg:SHA256withRSA, Serial:600197b746a7eab4b49ad64b2ff790fb, Subject:CN=thawte Primary Root CA - G3, OU="(c) 2008 thawte, Inc. - For authorized use only", OU=Certification Services Division, O="thawte, Inc.", C=US, Issuer:CN=thawte Primary Root CA - G3, OU="(c) 2008 thawte, Inc. - For authorized use only", OU=Certification Services Division, O="thawte, Inc.", C=US, Key type:RSA, Length:2048, Cert Id:1032730720, Valid from:2008/4/2 上午8:00, Valid until:2037/12/2 上午7:59
2025-08-16T17:04:41.382+08:00 DEBUG 14772 --- [hybridsearch] [main] [                                                 ] jdk.event.security                       : X509Certificate: Alg:SHA256withRSA, Serial:1, Subject:CN=T-TeleSec GlobalRoot Class 2, OU=T-Systems Trust Center, O=T-Systems Enterprise Services GmbH, C=DE, Issuer:CN=T-TeleSec GlobalRoot Class 2, OU=T-Systems Trust Center, O=T-Systems Enterprise Services GmbH, C=DE, Key type:RSA, Length:2048, Cert Id:3056503257, Valid from:2008/10/1 下午6:40, Valid until:2033/10/2 上午7:59
2025-08-16T17:04:41.382+08:00 DEBUG 14772 --- [hybridsearch] [main] [                                                 ] jdk.event.security                       : X509Certificate: Alg:SHA256withRSA, Serial:1, Subject:CN=T-TeleSec GlobalRoot Class 3, OU=T-Systems Trust Center, O=T-Systems Enterprise Services GmbH, C=DE, Issuer:CN=T-TeleSec GlobalRoot Class 3, OU=T-Systems Trust Center, O=T-Systems Enterprise Services GmbH, C=DE, Key type:RSA, Length:2048, Cert Id:1894096264, Valid from:2008/10/1 下午6:29, Valid until:2033/10/2 上午7:59
2025-08-16T17:04:41.382+08:00 DEBUG 14772 --- [hybridsearch] [main] [                                                 ] jdk.event.security                       : X509Certificate: Alg:SHA256withRSA, Serial:cbe, Subject:CN=TWCA Global Root CA, OU=Root CA, O=TAIWAN-CA, C=TW, Issuer:CN=TWCA Global Root CA, OU=Root CA, O=TAIWAN-CA, C=TW, Key type:RSA, Length:4096, Cert Id:861175838, Valid from:2012/6/27 下午2:28, Valid until:2030/12/31 下午11:59
2025-08-16T17:04:41.382+08:00 DEBUG 14772 --- [hybridsearch] [main] [                                                 ] jdk.event.security                       : X509Certificate: Alg:SHA384withECDSA, Serial:5c8b99c55a94c5d27156decd8980cc26, Subject:CN=USERTrust ECC Certification Authority, O=The USERTRUST Network, L=Jersey City, ST=New Jersey, C=US, Issuer:CN=USERTrust ECC Certification Authority, O=The USERTRUST Network, L=Jersey City, ST=New Jersey, C=US, Key type:EC, Length:384, Cert Id:3329287386, Valid from:2010/2/1 上午8:00, Valid until:2038/1/19 上午7:59
2025-08-16T17:04:41.384+08:00 DEBUG 14772 --- [hybridsearch] [main] [                                                 ] jdk.event.security                       : X509Certificate: Alg:SHA384withRSA, Serial:1fd6d30fca3ca51a81bbc640e35032d, Subject:CN=USERTrust RSA Certification Authority, O=The USERTRUST Network, L=Jersey City, ST=New Jersey, C=US, Issuer:CN=USERTrust RSA Certification Authority, O=The USERTRUST Network, L=Jersey City, ST=New Jersey, C=US, Key type:RSA, Length:4096, Cert Id:3947601401, Valid from:2010/2/1 上午8:00, Valid until:2038/1/19 上午7:59
2025-08-16T17:04:41.385+08:00 DEBUG 14772 --- [hybridsearch] [main] [                                                 ] jdk.event.security                       : X509Certificate: Alg:SHA1withRSA, Serial:44be0c8b500024b411d3362de0b35f1b, Subject:CN=UTN-USERFirst-Object, OU=http://www.usertrust.com, O=The USERTRUST Network, L=Salt Lake City, ST=UT, C=US, Issuer:CN=UTN-USERFirst-Object, OU=http://www.usertrust.com, O=The USERTRUST Network, L=Salt Lake City, ST=UT, C=US, Key type:RSA, Length:2048, Cert Id:3997913868, Valid from:1999/7/10 上午2:31, Valid until:2019/7/10 上午2:40
2025-08-16T17:04:41.385+08:00 DEBUG 14772 --- [hybridsearch] [main] [                                                 ] jdk.event.security                       : X509Certificate: Alg:SHA1withRSA, Serial:9b7e0649a33e62b9d5ee90487129ef57, Subject:CN=VeriSign Class 3 Public Primary Certification Authority - G3, OU="(c) 1999 VeriSign, Inc. - For authorized use only", OU=VeriSign Trust Network, O="VeriSign, Inc.", C=US, Issuer:CN=VeriSign Class 3 Public Primary Certification Authority - G3, OU="(c) 1999 VeriSign, Inc. - For authorized use only", OU=VeriSign Trust Network, O="VeriSign, Inc.", C=US, Key type:RSA, Length:2048, Cert Id:2057300190, Valid from:1999/10/1 上午8:00, Valid until:2036/7/17 上午7:59
2025-08-16T17:04:41.385+08:00 DEBUG 14772 --- [hybridsearch] [main] [                                                 ] jdk.event.security                       : X509Certificate: Alg:SHA384withECDSA, Serial:2f80fe238c0e220f486712289187acb3, Subject:CN=VeriSign Class 3 Public Primary Certification Authority - G4, OU="(c) 2007 VeriSign, Inc. - For authorized use only", OU=VeriSign Trust Network, O="VeriSign, Inc.", C=US, Issuer:CN=VeriSign Class 3 Public Primary Certification Authority - G4, OU="(c) 2007 VeriSign, Inc. - For authorized use only", OU=VeriSign Trust Network, O="VeriSign, Inc.", C=US, Key type:EC, Length:384, Cert Id:4163473319, Valid from:2007/11/5 上午8:00, Valid until:2038/1/19 上午7:59
2025-08-16T17:04:41.386+08:00 DEBUG 14772 --- [hybridsearch] [main] [                                                 ] jdk.event.security                       : X509Certificate: Alg:SHA1withRSA, Serial:18dad19e267de8bb4a2158cdcc6b3b4a, Subject:CN=VeriSign Class 3 Public Primary Certification Authority - G5, OU="(c) 2006 VeriSign, Inc. - For authorized use only", OU=VeriSign Trust Network, O="VeriSign, Inc.", C=US, Issuer:CN=VeriSign Class 3 Public Primary Certification Authority - G5, OU="(c) 2006 VeriSign, Inc. - For authorized use only", OU=VeriSign Trust Network, O="VeriSign, Inc.", C=US, Key type:RSA, Length:2048, Cert Id:303010488, Valid from:2006/11/8 上午8:00, Valid until:2036/7/17 上午7:59
2025-08-16T17:04:41.386+08:00 DEBUG 14772 --- [hybridsearch] [main] [                                                 ] jdk.event.security                       : X509Certificate: Alg:SHA256withRSA, Serial:401ac46421b31321030ebbe4121ac51d, Subject:CN=VeriSign Universal Root Certification Authority, OU="(c) 2008 VeriSign, Inc. - For authorized use only", OU=VeriSign Trust Network, O="VeriSign, Inc.", C=US, Issuer:CN=VeriSign Universal Root Certification Authority, OU="(c) 2008 VeriSign, Inc. - For authorized use only", OU=VeriSign Trust Network, O="VeriSign, Inc.", C=US, Key type:RSA, Length:2048, Cert Id:2318285810, Valid from:2008/4/2 上午8:00, Valid until:2037/12/2 上午7:59
2025-08-16T17:04:41.387+08:00 DEBUG 14772 --- [hybridsearch] [main] [                                                 ] jdk.event.security                       : X509Certificate: Alg:SHA1withRSA, Serial:50946cec18ead59c4dd597ef758fa0ad, Subject:CN=XRamp Global Certification Authority, O=XRamp Security Services Inc, OU=www.xrampsecurity.com, C=US, Issuer:CN=XRamp Global Certification Authority, O=XRamp Security Services Inc, OU=www.xrampsecurity.com, C=US, Key type:RSA, Length:2048, Cert Id:3342493210, Valid from:2004/11/2 上午1:14, Valid until:2035/1/1 下午1:37
2025-08-16T17:04:41.388+08:00 DEBUG 14772 --- [hybridsearch] [main] [                                                 ] jdk.event.security                       : X509Certificate: Alg:SHA256withRSA, Serial:5f70e86da49f346352ebab2, Subject:CN=Trustwave Global Certification Authority, O="Trustwave Holdings, Inc.", L=Chicago, ST=Illinois, C=US, Issuer:CN=Trustwave Global Certification Authority, O="Trustwave Holdings, Inc.", L=Chicago, ST=Illinois, C=US, Key type:RSA, Length:4096, Cert Id:416366836, Valid from:2017/8/24 上午3:34, Valid until:2042/8/24 上午3:34
2025-08-16T17:04:41.388+08:00 DEBUG 14772 --- [hybridsearch] [main] [                                                 ] jdk.event.security                       : X509Certificate: Alg:SHA256withRSA, Serial:cbe, Subject:CN=TWCA Global Root CA, OU=Root CA, O=TAIWAN-CA, C=TW, Issuer:CN=TWCA Global Root CA, OU=Root CA, O=TAIWAN-CA, C=TW, Key type:RSA, Length:4096, Cert Id:861175838, Valid from:2012/6/27 下午2:28, Valid until:2030/12/31 下午11:59
2025-08-16T17:04:41.388+08:00 DEBUG 14772 --- [hybridsearch] [main] [                                                 ] jdk.event.security                       : X509Certificate: Alg:SHA256withRSA, Serial:5ddfb1da5aa3ed5dbe5a6520650390ef, Subject:CN=UCA Global G2 Root, O=UniTrust, C=CN, Issuer:CN=UCA Global G2 Root, O=UniTrust, C=CN, Key type:RSA, Length:4096, Cert Id:1844967193, Valid from:2016/3/11 上午8:00, Valid until:2040/12/31 上午8:00
2025-08-16T17:04:41.388+08:00 DEBUG 14772 --- [hybridsearch] [main] [                                                 ] jdk.event.security                       : X509Certificate: Alg:SHA256withRSA, Serial:31f5e4620c6c58edd6d8, Subject:CN=emSign Root CA - G1, O=eMudhra Technologies Limited, OU=emSign PKI, C=IN, Issuer:CN=emSign Root CA - G1, O=eMudhra Technologies Limited, OU=emSign PKI, C=IN, Key type:RSA, Length:2048, Cert Id:392709196, Valid from:2018/2/19 上午2:30, Valid until:2043/2/19 上午2:30
2025-08-16T17:04:41.389+08:00 DEBUG 14772 --- [hybridsearch] [main] [                                                 ] jdk.event.security                       : X509Certificate: Alg:SHA384withECDSA, Serial:203e5c068ef631a9c72905052, Subject:CN=GTS Root R4, O=Google Trust Services LLC, C=US, Issuer:CN=GTS Root R4, O=Google Trust Services LLC, C=US, Key type:EC, Length:384, Cert Id:1326433111, Valid from:2016/6/22 上午8:00, Valid until:2036/6/22 上午8:00
2025-08-16T17:04:41.389+08:00 DEBUG 14772 --- [hybridsearch] [main] [                                                 ] jdk.event.security                       : X509Certificate: Alg:SHA384withECDSA, Serial:3cf607a968700eda8b84, Subject:CN=emSign ECC Root CA - G3, O=eMudhra Technologies Limited, OU=emSign PKI, C=IN, Issuer:CN=emSign ECC Root CA - G3, O=eMudhra Technologies Limited, OU=emSign PKI, C=IN, Key type:EC, Length:384, Cert Id:3832035707, Valid from:2018/2/19 上午2:30, Valid until:2043/2/19 上午2:30
2025-08-16T17:04:41.389+08:00 DEBUG 14772 --- [hybridsearch] [main] [                                                 ] jdk.event.security                       : X509Certificate: Alg:SHA384withECDSA, Serial:203e5b882eb20f825276d3d66, Subject:CN=GTS Root R3, O=Google Trust Services LLC, C=US, Issuer:CN=GTS Root R3, O=Google Trust Services LLC, C=US, Key type:EC, Length:384, Cert Id:1163081155, Valid from:2016/6/22 上午8:00, Valid until:2036/6/22 上午8:00
2025-08-16T17:04:41.389+08:00 DEBUG 14772 --- [hybridsearch] [main] [                                                 ] jdk.event.security                       : X509Certificate: Alg:SHA384withRSA, Serial:203e5aec58d04251aab1125aa, Subject:CN=GTS Root R2, O=Google Trust Services LLC, C=US, Issuer:CN=GTS Root R2, O=Google Trust Services LLC, C=US, Key type:RSA, Length:4096, Cert Id:948387669, Valid from:2016/6/22 上午8:00, Valid until:2036/6/22 上午8:00
2025-08-16T17:04:41.389+08:00 DEBUG 14772 --- [hybridsearch] [main] [                                                 ] jdk.event.security                       : X509Certificate: Alg:SHA384withRSA, Serial:11d2bbb9d723189e405f0a9d2dd0df2567d1, Subject:CN=GlobalSign Root R46, O=GlobalSign nv-sa, C=BE, Issuer:CN=GlobalSign Root R46, O=GlobalSign nv-sa, C=BE, Key type:RSA, Length:4096, Cert Id:1275948927, Valid from:2019/3/20 上午8:00, Valid until:2046/3/20 上午8:00
2025-08-16T17:04:41.390+08:00 DEBUG 14772 --- [hybridsearch] [main] [                                                 ] jdk.event.security                       : X509Certificate: Alg:SHA384withRSA, Serial:203e5936f31b01349886ba217, Subject:CN=GTS Root R1, O=Google Trust Services LLC, C=US, Issuer:CN=GTS Root R1, O=Google Trust Services LLC, C=US, Key type:RSA, Length:4096, Cert Id:657172038, Valid from:2016/6/22 上午8:00, Valid until:2036/6/22 上午8:00
2025-08-16T17:04:41.390+08:00 DEBUG 14772 --- [hybridsearch] [main] [                                                 ] jdk.event.security                       : X509Certificate: Alg:SHA256withRSA, Serial:dd3e3bc6cf96bb1, Subject:CN=ANF Secure Server Root CA, OU=ANF CA Raiz, O=ANF Autoridad de Certificacion, C=ES, SERIALNUMBER=G63287510, Issuer:CN=ANF Secure Server Root CA, OU=ANF CA Raiz, O=ANF Autoridad de Certificacion, C=ES, SERIALNUMBER=G63287510, Key type:RSA, Length:4096, Cert Id:3453317601, Valid from:2019/9/4 下午6:00, Valid until:2039/8/30 下午6:00
2025-08-16T17:04:41.390+08:00 DEBUG 14772 --- [hybridsearch] [main] [                                                 ] jdk.event.security                       : X509Certificate: Alg:SHA384withECDSA, Serial:212a560caeda0cab4045bf2ba22d3aea, Subject:CN=OISTE WISeKey Global Root GC CA, OU=OISTE Foundation Endorsed, O=WISeKey, C=CH, Issuer:CN=OISTE WISeKey Global Root GC CA, OU=OISTE Foundation Endorsed, O=WISeKey, C=CH, Key type:EC, Length:384, Cert Id:2781801839, Valid from:2017/5/9 下午5:48, Valid until:2042/5/9 下午5:58
2025-08-16T17:04:41.391+08:00 DEBUG 14772 --- [hybridsearch] [main] [                                                 ] jdk.event.security                       : X509Certificate: Alg:SHA256withRSA, Serial:b0b75a16485fbfe1cbf58bd719e67d, Subject:CN=Izenpe.com, O=IZENPE S.A., C=ES, Issuer:CN=Izenpe.com, O=IZENPE S.A., C=ES, Key type:RSA, Length:4096, Cert Id:2449386312, Valid from:2007/12/13 下午9:08, Valid until:2037/12/13 下午4:27
2025-08-16T17:04:41.392+08:00 DEBUG 14772 --- [hybridsearch] [main] [                                                 ] jdk.event.security                       : X509Certificate: Alg:SHA256withECDSA, Serial:15448ef21fd97590df5040a, Subject:CN=e-Szigno Root CA 2017, OID.2.5.4.97=VATHU-23584497, O=Microsec Ltd., L=Budapest, C=HU, Issuer:CN=e-Szigno Root CA 2017, OID.2.5.4.97=VATHU-23584497, O=Microsec Ltd., L=Budapest, C=HU, Key type:EC, Length:256, Cert Id:3303793581, Valid from:2017/8/22 下午8:07, Valid until:2042/8/22 下午8:07
2025-08-16T17:04:41.392+08:00 DEBUG 14772 --- [hybridsearch] [main] [                                                 ] jdk.event.security                       : X509Certificate: Alg:SHA256withRSA, Serial:1, Subject:CN=TUBITAK Kamu SM SSL Kok Sertifikasi - Surum 1, OU=Kamu Sertifikasyon Merkezi - Kamu SM, O=Turkiye Bilimsel ve Teknolojik Arastirma Kurumu - TUBITAK, L=Gebze - Kocaeli, C=TR, Issuer:CN=TUBITAK Kamu SM SSL Kok Sertifikasi - Surum 1, OU=Kamu Sertifikasyon Merkezi - Kamu SM, O=Turkiye Bilimsel ve Teknolojik Arastirma Kurumu - TUBITAK, L=Gebze - Kocaeli, C=TR, Key type:RSA, Length:2048, Cert Id:1093603654, Valid from:2013/11/25 下午4:25, Valid until:2043/10/25 下午4:25
2025-08-16T17:04:41.393+08:00 DEBUG 14772 --- [hybridsearch] [main] [                                                 ] jdk.event.security                       : X509Certificate: Alg:SHA256withRSA, Serial:5d938d306736c8061d1ac754846907, Subject:OU=AC RAIZ FNMT-RCM, O=FNMT-RCM, C=ES, Issuer:OU=AC RAIZ FNMT-RCM, O=FNMT-RCM, C=ES, Key type:RSA, Length:4096, Cert Id:1555523573, Valid from:2008/10/29 下午11:59, Valid until:2030/1/1 上午8:00
2025-08-16T17:04:41.393+08:00 DEBUG 14772 --- [hybridsearch] [main] [                                                 ] jdk.event.security                       : X509Certificate: Alg:SHA256withRSA, Serial:76b1205274f0858746b3f8231af6c2c0, Subject:CN=OISTE WISeKey Global Root GB CA, OU=OISTE Foundation Endorsed, O=WISeKey, C=CH, Issuer:CN=OISTE WISeKey Global Root GB CA, OU=OISTE Foundation Endorsed, O=WISeKey, C=CH, Key type:RSA, Length:2048, Cert Id:3681485780, Valid from:2014/12/1 下午11:00, Valid until:2039/12/1 下午11:10
2025-08-16T17:04:41.394+08:00 DEBUG 14772 --- [hybridsearch] [main] [                                                 ] jdk.event.security                       : X509Certificate: Alg:SHA256withRSA, Serial:5c33cb622c5fb332, Subject:C=DE, O=Atos, CN=Atos TrustedRoot 2011, Issuer:C=DE, O=Atos, CN=Atos TrustedRoot 2011, Key type:RSA, Length:2048, Cert Id:4266438672, Valid from:2011/7/7 下午10:58, Valid until:2031/1/1 上午7:59
2025-08-16T17:04:41.394+08:00 DEBUG 14772 --- [hybridsearch] [main] [                                                 ] jdk.event.security                       : X509Certificate: Alg:SHA512withRSA, Serial:1ebf5950b8c980374c06f7eb554fb5ed, Subject:CN=Certum Trusted Root CA, OU=Certum Certification Authority, O=Asseco Data Systems S.A., C=PL, Issuer:CN=Certum Trusted Root CA, OU=Certum Certification Authority, O=Asseco Data Systems S.A., C=PL, Key type:RSA, Length:4096, Cert Id:3520640245, Valid from:2018/3/16 下午8:10, Valid until:2043/3/16 下午8:10
2025-08-16T17:04:41.397+08:00 DEBUG 14772 --- [hybridsearch] [main] [                                                 ] jdk.event.security                       : X509Certificate: Alg:SHA1withRSA, Serial:200605167002, Subject:OU=certSIGN ROOT CA, O=certSIGN, C=RO, Issuer:OU=certSIGN ROOT CA, O=certSIGN, C=RO, Key type:RSA, Length:2048, Cert Id:4005006620, Valid from:2006/7/5 上午1:20, Valid until:2031/7/5 上午1:20
2025-08-16T17:04:41.398+08:00 DEBUG 14772 --- [hybridsearch] [main] [                                                 ] jdk.event.security                       : X509Certificate: Alg:SHA384withRSA, Serial:194301ea20bddf5c5332ab1434471f8d6504d0d, Subject:CN=NAVER Global Root Certification Authority, O=NAVER BUSINESS PLATFORM Corp., C=KR, Issuer:CN=NAVER Global Root Certification Authority, O=NAVER BUSINESS PLATFORM Corp., C=KR, Key type:RSA, Length:4096, Cert Id:1777546867, Valid from:2017/8/18 下午4:58, Valid until:2037/8/19 上午7:59
2025-08-16T17:04:41.399+08:00 DEBUG 14772 --- [hybridsearch] [main] [                                                 ] jdk.event.security                       : X509Certificate: Alg:SHA256withRSA, Serial:184accd6, Subject:CN=CFCA EV ROOT, O=China Financial Certification Authority, C=CN, Issuer:CN=CFCA EV ROOT, O=China Financial Certification Authority, C=CN, Key type:RSA, Length:4096, Cert Id:551407782, Valid from:2012/8/8 上午11:07, Valid until:2029/12/31 上午11:07
2025-08-16T17:04:41.400+08:00 DEBUG 14772 --- [hybridsearch] [main] [                                                 ] jdk.event.security                       : X509Certificate: Alg:SHA1withRSA, Serial:1, Subject:CN=SecureSign RootCA11, O="Japan Certification Services, Inc.", C=JP, Issuer:CN=SecureSign RootCA11, O="Japan Certification Services, Inc.", C=JP, Key type:RSA, Length:2048, Cert Id:2079057034, Valid from:2009/4/8 下午12:56, Valid until:2029/4/8 下午12:56
2025-08-16T17:04:41.401+08:00 DEBUG 14772 --- [hybridsearch] [main] [                                                 ] jdk.event.security                       : X509Certificate: Alg:SHA1withRSA, Serial:5ec3b7a6437fa4e0, Subject:C=ES, O=ACCV, OU=PKIACCV, CN=ACCVRAIZ1, Issuer:C=ES, O=ACCV, OU=PKIACCV, CN=ACCVRAIZ1, Key type:RSA, Length:4096, Cert Id:3702856060, Valid from:2011/5/5 下午5:37, Valid until:2030/12/31 下午5:37
2025-08-16T17:04:41.402+08:00 DEBUG 14772 --- [hybridsearch] [main] [                                                 ] jdk.event.security                       : X509Certificate: Alg:SHA384withRSA, Serial:1ed397095fd8b4b347701eaabe7f45b3, Subject:CN=Microsoft RSA Root Certificate Authority 2017, O=Microsoft Corporation, C=US, Issuer:CN=Microsoft RSA Root Certificate Authority 2017, O=Microsoft Corporation, C=US, Key type:RSA, Length:4096, Cert Id:2848349048, Valid from:2019/12/19 上午6:51, Valid until:2042/7/19 上午7:00
2025-08-16T17:04:41.402+08:00 DEBUG 14772 --- [hybridsearch] [main] [                                                 ] jdk.event.security                       : X509Certificate: Alg:SHA256withRSA, Serial:aecf00bac4cf32f843b2, Subject:CN=emSign Root CA - C1, O=eMudhra Inc, OU=emSign PKI, C=US, Issuer:CN=emSign Root CA - C1, O=eMudhra Inc, OU=emSign PKI, C=US, Key type:RSA, Length:2048, Cert Id:3026103940, Valid from:2018/2/19 上午2:30, Valid until:2043/2/19 上午2:30
2025-08-16T17:04:41.402+08:00 DEBUG 14772 --- [hybridsearch] [main] [                                                 ] jdk.event.security                       : X509Certificate: Alg:SHA256withRSA, Serial:7d0997fef047ea7a, Subject:CN=GDCA TrustAUTH R5 ROOT, O="GUANG DONG CERTIFICATE AUTHORITY CO.,LTD.", C=CN, Issuer:CN=GDCA TrustAUTH R5 ROOT, O="GUANG DONG CERTIFICATE AUTHORITY CO.,LTD.", C=CN, Key type:RSA, Length:4096, Cert Id:494136981, Valid from:2014/11/26 下午1:13, Valid until:2040/12/31 下午11:59
2025-08-16T17:04:41.403+08:00 DEBUG 14772 --- [hybridsearch] [main] [                                                 ] jdk.event.security                       : X509Certificate: Alg:SHA384withECDSA, Serial:7b71b68256b8127c9ca8, Subject:CN=emSign ECC Root CA - C3, O=eMudhra Inc, OU=emSign PKI, C=US, Issuer:CN=emSign ECC Root CA - C3, O=eMudhra Inc, OU=emSign PKI, C=US, Key type:EC, Length:384, Cert Id:3346510540, Valid from:2018/2/19 上午2:30, Valid until:2043/2/19 上午2:30
2025-08-16T17:04:41.404+08:00 DEBUG 14772 --- [hybridsearch] [main] [                                                 ] jdk.event.security                       : X509Certificate: Alg:SHA256withRSA, Serial:110034b64ec6362d36, Subject:OU=certSIGN ROOT CA G2, O=CERTSIGN SA, C=RO, Issuer:OU=certSIGN ROOT CA G2, O=CERTSIGN SA, C=RO, Key type:RSA, Length:4096, Cert Id:2181086866, Valid from:2017/2/6 下午5:27, Valid until:2042/2/6 下午5:27
2025-08-16T17:04:41.404+08:00 DEBUG 14772 --- [hybridsearch] [main] [                                                 ] jdk.event.security                       : X509Certificate: Alg:SHA256withRSA, Serial:92b888dbb08ac163, Subject:CN=CA Disig Root R2, O=Disig a.s., L=Bratislava, C=SK, Issuer:CN=CA Disig Root R2, O=Disig a.s., L=Bratislava, C=SK, Key type:RSA, Length:4096, Cert Id:747175721, Valid from:2012/7/19 下午5:15, Valid until:2042/7/19 下午5:15
2025-08-16T17:04:41.405+08:00 DEBUG 14772 --- [hybridsearch] [main] [                                                 ] jdk.event.security                       : X509Certificate: Alg:SHA256withRSA, Serial:8165f8a4ca5ec00c99340dfc4c6ae23b81c5aa4, Subject:CN=Hongkong Post Root CA 3, O=Hongkong Post, L=Hong Kong, ST=Hong Kong, C=HK, Issuer:CN=Hongkong Post Root CA 3, O=Hongkong Post, L=Hong Kong, ST=Hong Kong, C=HK, Key type:RSA, Length:4096, Cert Id:3393016216, Valid from:2017/6/3 上午10:29, Valid until:2042/6/3 上午10:29
2025-08-16T17:04:41.405+08:00 DEBUG 14772 --- [hybridsearch] [main] [                                                 ] jdk.event.security                       : X509Certificate: Alg:SHA256withRSA, Serial:5a4bbd5afb4f8a5bfa65e5, Subject:CN=GLOBALTRUST 2020, O=e-commerce monitoring GmbH, C=AT, Issuer:CN=GLOBALTRUST 2020, O=e-commerce monitoring GmbH, C=AT, Key type:RSA, Length:4096, Cert Id:3772720413, Valid from:2020/2/10 上午8:00, Valid until:2040/6/10 上午8:00
2025-08-16T17:04:41.405+08:00 DEBUG 14772 --- [hybridsearch] [main] [                                                 ] jdk.event.security                       : X509Certificate: Alg:SHA384withECDSA, Serial:66f23daf87de8bb14aea0c573101c2ec, Subject:CN=Microsoft ECC Root Certificate Authority 2017, O=Microsoft Corporation, C=US, Issuer:CN=Microsoft ECC Root Certificate Authority 2017, O=Microsoft Corporation, C=US, Key type:EC, Length:384, Cert Id:3240761285, Valid from:2019/12/19 上午7:06, Valid until:2042/7/19 上午7:16
2025-08-16T17:04:41.406+08:00 DEBUG 14772 --- [hybridsearch] [main] [                                                 ] jdk.event.security                       : X509Certificate: Alg:SHA1withRSA, Serial:75622a4e8d48a894df413c8f0f8eaa5, Subject:CN=Secure Global CA, O=SecureTrust Corporation, C=US, Issuer:CN=Secure Global CA, O=SecureTrust Corporation, C=US, Key type:RSA, Length:2048, Cert Id:2818194321, Valid from:2006/11/8 上午3:42, Valid until:2030/1/1 上午3:52
2025-08-16T17:04:41.406+08:00 DEBUG 14772 --- [hybridsearch] [main] [                                                 ] jdk.event.security                       : X509Certificate: Alg:SHA256withRSA, Serial:4fd22b8ff564c8339e4f345866237060, Subject:CN=UCA Extended Validation Root, O=UniTrust, C=CN, Issuer:CN=UCA Extended Validation Root, O=UniTrust, C=CN, Key type:RSA, Length:4096, Cert Id:649181271, Valid from:2015/3/13 上午8:00, Valid until:2038/12/31 上午8:00
2025-08-16T17:04:41.406+08:00 DEBUG 14772 --- [hybridsearch] [main] [                                                 ] jdk.event.security                       : X509Certificate: Alg:SHA256withECDSA, Serial:d6a5f083f285c3e5195df5d, Subject:CN=Trustwave Global ECC P256 Certification Authority, O="Trustwave Holdings, Inc.", L=Chicago, ST=Illinois, C=US, Issuer:CN=Trustwave Global ECC P256 Certification Authority, O="Trustwave Holdings, Inc.", L=Chicago, ST=Illinois, C=US, Key type:EC, Length:256, Cert Id:948272517, Valid from:2017/8/24 上午3:35, Valid until:2042/8/24 上午3:35
2025-08-16T17:04:41.407+08:00 DEBUG 14772 --- [hybridsearch] [main] [                                                 ] jdk.event.security                       : X509Certificate: Alg:SHA384withECDSA, Serial:11d2bbba336ed4bce62468c50d841d98e843, Subject:CN=GlobalSign Root E46, O=GlobalSign nv-sa, C=BE, Issuer:CN=GlobalSign Root E46, O=GlobalSign nv-sa, C=BE, Key type:EC, Length:384, Cert Id:3405603905, Valid from:2019/3/20 上午8:00, Valid until:2046/3/20 上午8:00
2025-08-16T17:04:41.407+08:00 DEBUG 14772 --- [hybridsearch] [main] [                                                 ] jdk.event.security                       : X509Certificate: Alg:SHA256withRSA, Serial:c27e43044e473f19, Subject:EMAILADDRESS=info@e-szigno.hu, CN=Microsec e-Szigno Root CA 2009, O=Microsec Ltd., L=Budapest, C=HU, Issuer:EMAILADDRESS=info@e-szigno.hu, CN=Microsec e-Szigno Root CA 2009, O=Microsec Ltd., L=Budapest, C=HU, Key type:RSA, Length:2048, Cert Id:2391017284, Valid from:2009/6/16 下午7:30, Valid until:2029/12/30 下午7:30
2025-08-16T17:04:41.407+08:00 DEBUG 14772 --- [hybridsearch] [main] [                                                 ] jdk.event.security                       : X509Certificate: Alg:SHA256withRSA, Serial:3e8a5d07ec55d232d5b7e3b65f01eb2ddce4d6e4, Subject:CN=SZAFIR ROOT CA2, O=Krajowa Izba Rozliczeniowa S.A., C=PL, Issuer:CN=SZAFIR ROOT CA2, O=Krajowa Izba Rozliczeniowa S.A., C=PL, Key type:RSA, Length:2048, Cert Id:381279303, Valid from:2015/10/19 下午3:43, Valid until:2035/10/19 下午3:43
2025-08-16T17:04:41.407+08:00 DEBUG 14772 --- [hybridsearch] [main] [                                                 ] jdk.event.security                       : X509Certificate: Alg:SHA1withRSA, Serial:53ec3beefbb2485f, Subject:CN=Autoridad de Certificacion Firmaprofesional CIF A62634068, C=ES, Issuer:CN=Autoridad de Certificacion Firmaprofesional CIF A62634068, C=ES, Key type:RSA, Length:4096, Cert Id:692250759, Valid from:2009/5/20 下午4:38, Valid until:2030/12/31 下午4:38
2025-08-16T17:04:41.408+08:00 DEBUG 14772 --- [hybridsearch] [main] [                                                 ] jdk.event.security                       : X509Certificate: Alg:SHA1withRSA, Serial:1, Subject:CN=TWCA Root Certification Authority, OU=Root CA, O=TAIWAN-CA, C=TW, Issuer:CN=TWCA Root Certification Authority, OU=Root CA, O=TAIWAN-CA, C=TW, Key type:RSA, Length:2048, Cert Id:2652873033, Valid from:2008/8/28 下午3:24, Valid until:2030/12/31 下午11:59
2025-08-16T17:04:41.408+08:00 DEBUG 14772 --- [hybridsearch] [main] [                                                 ] jdk.event.security                       : X509Certificate: Alg:SHA256withRSA, Serial:49412ce40010, Subject:CN=NetLock Arany (Class Gold) Főtanúsítvány, OU=Tanúsítványkiadók (Certification Services), O=NetLock Kft., L=Budapest, C=HU, Issuer:CN=NetLock Arany (Class Gold) Főtanúsítvány, OU=Tanúsítványkiadók (Certification Services), O=NetLock Kft., L=Budapest, C=HU, Key type:RSA, Length:2048, Cert Id:58541246, Valid from:2008/12/11 下午11:08, Valid until:2028/12/6 下午11:08
2025-08-16T17:04:41.409+08:00 DEBUG 14772 --- [hybridsearch] [main] [                                                 ] jdk.event.security                       : X509Certificate: Alg:SHA384withECDSA, Serial:8bd85976c9927a48068473b, Subject:CN=Trustwave Global ECC P384 Certification Authority, O="Trustwave Holdings, Inc.", L=Chicago, ST=Illinois, C=US, Issuer:CN=Trustwave Global ECC P384 Certification Authority, O="Trustwave Holdings, Inc.", L=Chicago, ST=Illinois, C=US, Key type:EC, Length:384, Cert Id:2301042373, Valid from:2017/8/24 上午3:36, Valid until:2042/8/24 上午3:36
2025-08-16T17:04:41.409+08:00 DEBUG 14772 --- [hybridsearch] [main] [                                                 ] jdk.event.security                       : X509Certificate: Alg:SHA512withRSA, Serial:21d6d04a4f250fc93237fcaa5e128de9, Subject:CN=Certum Trusted Network CA 2, OU=Certum Certification Authority, O=Unizeto Technologies S.A., C=PL, Issuer:CN=Certum Trusted Network CA 2, OU=Certum Certification Authority, O=Unizeto Technologies S.A., C=PL, Key type:RSA, Length:4096, Cert Id:1983350452, Valid from:2011/10/6 下午4:39, Valid until:2046/10/6 下午4:39
2025-08-16T17:04:41.409+08:00 DEBUG 14772 --- [hybridsearch] [main] [                                                 ] jdk.event.security                       : X509Certificate: Alg:SHA384withECDSA, Serial:788f275c81125220a504d02dddba73f4, Subject:CN=Certum EC-384 CA, OU=Certum Certification Authority, O=Asseco Data Systems S.A., C=PL, Issuer:CN=Certum EC-384 CA, OU=Certum Certification Authority, O=Asseco Data Systems S.A., C=PL, Key type:EC, Length:384, Cert Id:994586241, Valid from:2018/3/26 下午3:24, Valid until:2043/3/26 下午3:24
2025-08-16T17:04:41.409+08:00 DEBUG 14772 --- [hybridsearch] [main] [                                                 ] jdk.event.security                       : X509Certificate: Alg:SHA1withRSA, Serial:4e812d8a8265e00b02ee3e350246e53d, Subject:CN=COMODO Certification Authority, O=COMODO CA Limited, L=Salford, ST=Greater Manchester, C=GB, Issuer:CN=COMODO Certification Authority, O=COMODO CA Limited, L=Salford, ST=Greater Manchester, C=GB, Key type:RSA, Length:2048, Cert Id:904304908, Valid from:2006/12/1 上午8:00, Valid until:2030/1/1 上午7:59
2025-08-16T17:04:41.409+08:00 DEBUG 14772 --- [hybridsearch] [main] [                                                 ] jdk.event.security                       : X509Certificate: Alg:SHA256withRSA, Serial:cae91b89f155030da3e6416dc4e3a6e1, Subject:CN=Certigna Root CA, OU=0002 48146308100036, O=Dhimyotis, C=FR, Issuer:CN=Certigna Root CA, OU=0002 48146308100036, O=Dhimyotis, C=FR, Key type:RSA, Length:4096, Cert Id:356684591, Valid from:2013/10/1 下午4:32, Valid until:2033/10/1 下午4:32
2025-08-16T17:04:41.409+08:00 DEBUG 14772 --- [hybridsearch] [main] [                                                 ] jdk.event.security                       : X509Certificate: Alg:SHA256withECDSA, Serial:2c299c5b16ed0595, Subject:CN=SSL.com EV Root Certification Authority ECC, O=SSL Corporation, L=Houston, ST=Texas, C=US, Issuer:CN=SSL.com EV Root Certification Authority ECC, O=SSL Corporation, L=Houston, ST=Texas, C=US, Key type:EC, Length:384, Cert Id:1789254518, Valid from:2016/2/13 上午2:15, Valid until:2041/2/13 上午2:15
2025-08-16T17:04:41.409+08:00 DEBUG 14772 --- [hybridsearch] [main] [                                                 ] jdk.event.security                       : X509Certificate: Alg:SHA384withECDSA, Serial:62f6326ce5c4e3685c1b62dd9c2e9d95, Subject:CN=AC RAIZ FNMT-RCM SERVIDORES SEGUROS, OID.2.5.4.97=VATES-Q2826004J, OU=Ceres, O=FNMT-RCM, C=ES, Issuer:CN=AC RAIZ FNMT-RCM SERVIDORES SEGUROS, OID.2.5.4.97=VATES-Q2826004J, OU=Ceres, O=FNMT-RCM, C=ES, Key type:EC, Length:384, Cert Id:246315697, Valid from:2018/12/20 下午5:37, Valid until:2043/12/20 下午5:37
2025-08-16T17:04:41.544+08:00 DEBUG 14772 --- [hybridsearch] [main] [                                                 ] o.s.b.f.s.DefaultListableBeanFactory     : Creating shared instance of singleton bean 'elasticsearchTransport'
2025-08-16T17:04:41.545+08:00 DEBUG 14772 --- [hybridsearch] [main] [                                                 ] o.s.b.f.s.DefaultListableBeanFactory     : Creating shared instance of singleton bean 'jsonpMapper'
2025-08-16T17:04:41.548+08:00 DEBUG 14772 --- [hybridsearch] [main] [                                                 ] o.s.b.f.s.DefaultListableBeanFactory     : Autowiring by type from bean name 'elasticsearchTransport' via factory method to bean named 'elasticsearchRestClient'
2025-08-16T17:04:41.548+08:00 DEBUG 14772 --- [hybridsearch] [main] [                                                 ] o.s.b.f.s.DefaultListableBeanFactory     : Autowiring by type from bean name 'elasticsearchTransport' via factory method to bean named 'jsonpMapper'
2025-08-16T17:04:41.568+08:00 DEBUG 14772 --- [hybridsearch] [main] [                                                 ] o.s.b.f.s.DefaultListableBeanFactory     : Creating shared instance of singleton bean 'reactiveElasticsearchClient'
2025-08-16T17:04:41.568+08:00 DEBUG 14772 --- [hybridsearch] [main] [                                                 ] o.s.b.f.s.DefaultListableBeanFactory     : Autowiring by type from bean name 'reactiveElasticsearchClient' via factory method to bean named 'elasticsearchTransport'
2025-08-16T17:04:41.581+08:00 DEBUG 14772 --- [hybridsearch] [main] [                                                 ] o.s.b.f.s.DefaultListableBeanFactory     : Creating shared instance of singleton bean 'reactiveElasticsearchOperations'
2025-08-16T17:04:41.583+08:00 DEBUG 14772 --- [hybridsearch] [main] [                                                 ] o.s.b.f.s.DefaultListableBeanFactory     : Creating shared instance of singleton bean 'elasticsearchEntityMapper'
2025-08-16T17:04:41.583+08:00 DEBUG 14772 --- [hybridsearch] [main] [                                                 ] o.s.b.f.s.DefaultListableBeanFactory     : Creating shared instance of singleton bean 'elasticsearchMappingContext'
2025-08-16T17:04:41.583+08:00 DEBUG 14772 --- [hybridsearch] [main] [                                                 ] o.s.b.f.s.DefaultListableBeanFactory     : Creating shared instance of singleton bean 'elasticsearchCustomConversions'
2025-08-16T17:04:41.597+08:00 DEBUG 14772 --- [hybridsearch] [main] [                                                 ] o.s.data.convert.CustomConversions       : Adding converter from class org.springframework.data.geo.Point to interface java.util.Map as writing converter
2025-08-16T17:04:41.597+08:00 DEBUG 14772 --- [hybridsearch] [main] [                                                 ] o.s.data.convert.CustomConversions       : Adding converter from interface java.util.Map to class org.springframework.data.geo.Point as reading converter
2025-08-16T17:04:41.597+08:00 DEBUG 14772 --- [hybridsearch] [main] [                                                 ] o.s.data.convert.CustomConversions       : Adding converter from class org.springframework.data.elasticsearch.core.geo.GeoPoint to interface java.util.Map as writing converter
2025-08-16T17:04:41.597+08:00 DEBUG 14772 --- [hybridsearch] [main] [                                                 ] o.s.data.convert.CustomConversions       : Adding converter from interface java.util.Map to class org.springframework.data.elasticsearch.core.geo.GeoPoint as reading converter
2025-08-16T17:04:41.597+08:00 DEBUG 14772 --- [hybridsearch] [main] [                                                 ] o.s.data.convert.CustomConversions       : Adding converter from interface org.springframework.data.elasticsearch.core.geo.GeoJson to interface java.util.Map as writing converter
2025-08-16T17:04:41.597+08:00 DEBUG 14772 --- [hybridsearch] [main] [                                                 ] o.s.data.convert.CustomConversions       : Adding converter from interface java.util.Map to interface org.springframework.data.elasticsearch.core.geo.GeoJson as reading converter
2025-08-16T17:04:41.597+08:00 DEBUG 14772 --- [hybridsearch] [main] [                                                 ] o.s.data.convert.CustomConversions       : Adding converter from class org.springframework.data.elasticsearch.core.geo.GeoJsonPoint to interface java.util.Map as writing converter
2025-08-16T17:04:41.597+08:00 DEBUG 14772 --- [hybridsearch] [main] [                                                 ] o.s.data.convert.CustomConversions       : Adding converter from interface java.util.Map to class org.springframework.data.elasticsearch.core.geo.GeoJsonPoint as reading converter
2025-08-16T17:04:41.597+08:00 DEBUG 14772 --- [hybridsearch] [main] [                                                 ] o.s.data.convert.CustomConversions       : Adding converter from class org.springframework.data.elasticsearch.core.geo.GeoJsonMultiPoint to interface java.util.Map as writing converter
2025-08-16T17:04:41.597+08:00 DEBUG 14772 --- [hybridsearch] [main] [                                                 ] o.s.data.convert.CustomConversions       : Adding converter from interface java.util.Map to class org.springframework.data.elasticsearch.core.geo.GeoJsonMultiPoint as reading converter
2025-08-16T17:04:41.597+08:00 DEBUG 14772 --- [hybridsearch] [main] [                                                 ] o.s.data.convert.CustomConversions       : Adding converter from class org.springframework.data.elasticsearch.core.geo.GeoJsonLineString to interface java.util.Map as writing converter
2025-08-16T17:04:41.597+08:00 DEBUG 14772 --- [hybridsearch] [main] [                                                 ] o.s.data.convert.CustomConversions       : Adding converter from interface java.util.Map to class org.springframework.data.elasticsearch.core.geo.GeoJsonLineString as reading converter
2025-08-16T17:04:41.597+08:00 DEBUG 14772 --- [hybridsearch] [main] [                                                 ] o.s.data.convert.CustomConversions       : Adding converter from class org.springframework.data.elasticsearch.core.geo.GeoJsonMultiLineString to interface java.util.Map as writing converter
2025-08-16T17:04:41.597+08:00 DEBUG 14772 --- [hybridsearch] [main] [                                                 ] o.s.data.convert.CustomConversions       : Adding converter from interface java.util.Map to class org.springframework.data.elasticsearch.core.geo.GeoJsonMultiLineString as reading converter
2025-08-16T17:04:41.597+08:00 DEBUG 14772 --- [hybridsearch] [main] [                                                 ] o.s.data.convert.CustomConversions       : Adding converter from class org.springframework.data.elasticsearch.core.geo.GeoJsonPolygon to interface java.util.Map as writing converter
2025-08-16T17:04:41.597+08:00 DEBUG 14772 --- [hybridsearch] [main] [                                                 ] o.s.data.convert.CustomConversions       : Adding converter from interface java.util.Map to class org.springframework.data.elasticsearch.core.geo.GeoJsonPolygon as reading converter
2025-08-16T17:04:41.597+08:00 DEBUG 14772 --- [hybridsearch] [main] [                                                 ] o.s.data.convert.CustomConversions       : Adding converter from class org.springframework.data.elasticsearch.core.geo.GeoJsonMultiPolygon to interface java.util.Map as writing converter
2025-08-16T17:04:41.597+08:00 DEBUG 14772 --- [hybridsearch] [main] [                                                 ] o.s.data.convert.CustomConversions       : Adding converter from interface java.util.Map to class org.springframework.data.elasticsearch.core.geo.GeoJsonMultiPolygon as reading converter
2025-08-16T17:04:41.597+08:00 DEBUG 14772 --- [hybridsearch] [main] [                                                 ] o.s.data.convert.CustomConversions       : Adding converter from class org.springframework.data.elasticsearch.core.geo.GeoJsonGeometryCollection to interface java.util.Map as writing converter
2025-08-16T17:04:41.597+08:00 DEBUG 14772 --- [hybridsearch] [main] [                                                 ] o.s.data.convert.CustomConversions       : Adding converter from interface java.util.Map to class org.springframework.data.elasticsearch.core.geo.GeoJsonGeometryCollection as reading converter
2025-08-16T17:04:41.597+08:00 DEBUG 14772 --- [hybridsearch] [main] [                                                 ] o.s.data.convert.CustomConversions       : Adding converter from class java.lang.String to class java.util.UUID as reading converter
2025-08-16T17:04:41.597+08:00 DEBUG 14772 --- [hybridsearch] [main] [                                                 ] o.s.data.convert.CustomConversions       : Adding converter from class java.util.UUID to class java.lang.String as writing converter
2025-08-16T17:04:41.597+08:00 DEBUG 14772 --- [hybridsearch] [main] [                                                 ] o.s.data.convert.CustomConversions       : Adding converter from class java.math.BigDecimal to class java.lang.Double as writing converter
2025-08-16T17:04:41.597+08:00 DEBUG 14772 --- [hybridsearch] [main] [                                                 ] o.s.data.convert.CustomConversions       : Adding converter from class java.lang.Double to class java.math.BigDecimal as reading converter
2025-08-16T17:04:41.597+08:00 DEBUG 14772 --- [hybridsearch] [main] [                                                 ] o.s.data.convert.CustomConversions       : Adding converter from class [B to class java.lang.String as writing converter
2025-08-16T17:04:41.597+08:00 DEBUG 14772 --- [hybridsearch] [main] [                                                 ] o.s.data.convert.CustomConversions       : Adding converter from class java.lang.String to class [B as reading converter
2025-08-16T17:04:41.597+08:00 DEBUG 14772 --- [hybridsearch] [main] [                                                 ] o.s.data.convert.CustomConversions       : Adding converter from class java.util.Date to class java.time.LocalDateTime as reading converter
2025-08-16T17:04:41.597+08:00 DEBUG 14772 --- [hybridsearch] [main] [                                                 ] o.s.data.convert.CustomConversions       : Adding converter from class java.time.LocalDateTime to class java.util.Date as writing converter
2025-08-16T17:04:41.597+08:00 DEBUG 14772 --- [hybridsearch] [main] [                                                 ] o.s.data.convert.CustomConversions       : Adding converter from class java.util.Date to class java.time.LocalDate as reading converter
2025-08-16T17:04:41.597+08:00 DEBUG 14772 --- [hybridsearch] [main] [                                                 ] o.s.data.convert.CustomConversions       : Adding converter from class java.time.LocalDate to class java.util.Date as writing converter
2025-08-16T17:04:41.597+08:00 DEBUG 14772 --- [hybridsearch] [main] [                                                 ] o.s.data.convert.CustomConversions       : Adding converter from class java.util.Date to class java.time.LocalTime as reading converter
2025-08-16T17:04:41.598+08:00 DEBUG 14772 --- [hybridsearch] [main] [                                                 ] o.s.data.convert.CustomConversions       : Adding converter from class java.time.LocalTime to class java.util.Date as writing converter
2025-08-16T17:04:41.598+08:00 DEBUG 14772 --- [hybridsearch] [main] [                                                 ] o.s.data.convert.CustomConversions       : Adding converter from class java.util.Date to class java.time.Instant as reading converter
2025-08-16T17:04:41.598+08:00 DEBUG 14772 --- [hybridsearch] [main] [                                                 ] o.s.data.convert.CustomConversions       : Adding converter from class java.time.Instant to class java.util.Date as writing converter
2025-08-16T17:04:41.598+08:00 DEBUG 14772 --- [hybridsearch] [main] [                                                 ] o.s.data.convert.CustomConversions       : Adding converter from class java.time.LocalDateTime to class java.time.Instant as reading converter
2025-08-16T17:04:41.598+08:00 DEBUG 14772 --- [hybridsearch] [main] [                                                 ] o.s.data.convert.CustomConversions       : Adding converter from class java.time.Instant to class java.time.LocalDateTime as reading converter
2025-08-16T17:04:41.598+08:00 DEBUG 14772 --- [hybridsearch] [main] [                                                 ] o.s.data.convert.CustomConversions       : Adding converter from class java.time.ZoneId to class java.lang.String as writing converter
2025-08-16T17:04:41.598+08:00 DEBUG 14772 --- [hybridsearch] [main] [                                                 ] o.s.data.convert.CustomConversions       : Adding converter from class java.lang.String to class java.time.ZoneId as reading converter
2025-08-16T17:04:41.598+08:00 DEBUG 14772 --- [hybridsearch] [main] [                                                 ] o.s.data.convert.CustomConversions       : Adding converter from class java.time.Duration to class java.lang.String as writing converter
2025-08-16T17:04:41.598+08:00 DEBUG 14772 --- [hybridsearch] [main] [                                                 ] o.s.data.convert.CustomConversions       : Adding converter from class java.lang.String to class java.time.Duration as reading converter
2025-08-16T17:04:41.598+08:00 DEBUG 14772 --- [hybridsearch] [main] [                                                 ] o.s.data.convert.CustomConversions       : Adding converter from class java.time.Period to class java.lang.String as writing converter
2025-08-16T17:04:41.598+08:00 DEBUG 14772 --- [hybridsearch] [main] [                                                 ] o.s.data.convert.CustomConversions       : Adding converter from class java.lang.String to class java.time.Period as reading converter
2025-08-16T17:04:41.598+08:00 DEBUG 14772 --- [hybridsearch] [main] [                                                 ] o.s.data.convert.CustomConversions       : Adding converter from class java.lang.String to class java.time.LocalDate as reading converter
2025-08-16T17:04:41.598+08:00 DEBUG 14772 --- [hybridsearch] [main] [                                                 ] o.s.data.convert.CustomConversions       : Adding converter from class java.lang.String to class java.time.LocalDateTime as reading converter
2025-08-16T17:04:41.598+08:00 DEBUG 14772 --- [hybridsearch] [main] [                                                 ] o.s.data.convert.CustomConversions       : Adding converter from class java.lang.String to class java.time.Instant as reading converter
2025-08-16T17:04:41.598+08:00 DEBUG 14772 --- [hybridsearch] [main] [                                                 ] o.s.b.f.s.DefaultListableBeanFactory     : Autowiring by type from bean name 'elasticsearchMappingContext' via factory method to bean named 'elasticsearchCustomConversions'
2025-08-16T17:04:41.605+08:00 DEBUG 14772 --- [hybridsearch] [main] [                                                 ] o.s.b.f.s.DefaultListableBeanFactory     : Autowiring by type from bean name 'elasticsearchEntityMapper' via factory method to bean named 'elasticsearchMappingContext'
2025-08-16T17:04:41.605+08:00 DEBUG 14772 --- [hybridsearch] [main] [                                                 ] o.s.b.f.s.DefaultListableBeanFactory     : Autowiring by type from bean name 'elasticsearchEntityMapper' via factory method to bean named 'elasticsearchCustomConversions'
2025-08-16T17:04:41.607+08:00 DEBUG 14772 --- [hybridsearch] [main] [                                                 ] o.s.data.convert.CustomConversions       : Adding converter from class org.springframework.data.geo.Point to interface java.util.Map as writing converter
2025-08-16T17:04:41.608+08:00 DEBUG 14772 --- [hybridsearch] [main] [                                                 ] o.s.data.convert.CustomConversions       : Adding converter from interface java.util.Map to class org.springframework.data.geo.Point as reading converter
2025-08-16T17:04:41.608+08:00 DEBUG 14772 --- [hybridsearch] [main] [                                                 ] o.s.data.convert.CustomConversions       : Adding converter from class org.springframework.data.elasticsearch.core.geo.GeoPoint to interface java.util.Map as writing converter
2025-08-16T17:04:41.608+08:00 DEBUG 14772 --- [hybridsearch] [main] [                                                 ] o.s.data.convert.CustomConversions       : Adding converter from interface java.util.Map to class org.springframework.data.elasticsearch.core.geo.GeoPoint as reading converter
2025-08-16T17:04:41.608+08:00 DEBUG 14772 --- [hybridsearch] [main] [                                                 ] o.s.data.convert.CustomConversions       : Adding converter from interface org.springframework.data.elasticsearch.core.geo.GeoJson to interface java.util.Map as writing converter
2025-08-16T17:04:41.608+08:00 DEBUG 14772 --- [hybridsearch] [main] [                                                 ] o.s.data.convert.CustomConversions       : Adding converter from interface java.util.Map to interface org.springframework.data.elasticsearch.core.geo.GeoJson as reading converter
2025-08-16T17:04:41.608+08:00 DEBUG 14772 --- [hybridsearch] [main] [                                                 ] o.s.data.convert.CustomConversions       : Adding converter from class org.springframework.data.elasticsearch.core.geo.GeoJsonPoint to interface java.util.Map as writing converter
2025-08-16T17:04:41.608+08:00 DEBUG 14772 --- [hybridsearch] [main] [                                                 ] o.s.data.convert.CustomConversions       : Adding converter from interface java.util.Map to class org.springframework.data.elasticsearch.core.geo.GeoJsonPoint as reading converter
2025-08-16T17:04:41.608+08:00 DEBUG 14772 --- [hybridsearch] [main] [                                                 ] o.s.data.convert.CustomConversions       : Adding converter from class org.springframework.data.elasticsearch.core.geo.GeoJsonMultiPoint to interface java.util.Map as writing converter
2025-08-16T17:04:41.608+08:00 DEBUG 14772 --- [hybridsearch] [main] [                                                 ] o.s.data.convert.CustomConversions       : Adding converter from interface java.util.Map to class org.springframework.data.elasticsearch.core.geo.GeoJsonMultiPoint as reading converter
2025-08-16T17:04:41.608+08:00 DEBUG 14772 --- [hybridsearch] [main] [                                                 ] o.s.data.convert.CustomConversions       : Adding converter from class org.springframework.data.elasticsearch.core.geo.GeoJsonLineString to interface java.util.Map as writing converter
2025-08-16T17:04:41.609+08:00 DEBUG 14772 --- [hybridsearch] [main] [                                                 ] o.s.data.convert.CustomConversions       : Adding converter from interface java.util.Map to class org.springframework.data.elasticsearch.core.geo.GeoJsonLineString as reading converter
2025-08-16T17:04:41.609+08:00 DEBUG 14772 --- [hybridsearch] [main] [                                                 ] o.s.data.convert.CustomConversions       : Adding converter from class org.springframework.data.elasticsearch.core.geo.GeoJsonMultiLineString to interface java.util.Map as writing converter
2025-08-16T17:04:41.609+08:00 DEBUG 14772 --- [hybridsearch] [main] [                                                 ] o.s.data.convert.CustomConversions       : Adding converter from interface java.util.Map to class org.springframework.data.elasticsearch.core.geo.GeoJsonMultiLineString as reading converter
2025-08-16T17:04:41.609+08:00 DEBUG 14772 --- [hybridsearch] [main] [                                                 ] o.s.data.convert.CustomConversions       : Adding converter from class org.springframework.data.elasticsearch.core.geo.GeoJsonPolygon to interface java.util.Map as writing converter
2025-08-16T17:04:41.609+08:00 DEBUG 14772 --- [hybridsearch] [main] [                                                 ] o.s.data.convert.CustomConversions       : Adding converter from interface java.util.Map to class org.springframework.data.elasticsearch.core.geo.GeoJsonPolygon as reading converter
2025-08-16T17:04:41.609+08:00 DEBUG 14772 --- [hybridsearch] [main] [                                                 ] o.s.data.convert.CustomConversions       : Adding converter from class org.springframework.data.elasticsearch.core.geo.GeoJsonMultiPolygon to interface java.util.Map as writing converter
2025-08-16T17:04:41.609+08:00 DEBUG 14772 --- [hybridsearch] [main] [                                                 ] o.s.data.convert.CustomConversions       : Adding converter from interface java.util.Map to class org.springframework.data.elasticsearch.core.geo.GeoJsonMultiPolygon as reading converter
2025-08-16T17:04:41.609+08:00 DEBUG 14772 --- [hybridsearch] [main] [                                                 ] o.s.data.convert.CustomConversions       : Adding converter from class org.springframework.data.elasticsearch.core.geo.GeoJsonGeometryCollection to interface java.util.Map as writing converter
2025-08-16T17:04:41.609+08:00 DEBUG 14772 --- [hybridsearch] [main] [                                                 ] o.s.data.convert.CustomConversions       : Adding converter from interface java.util.Map to class org.springframework.data.elasticsearch.core.geo.GeoJsonGeometryCollection as reading converter
2025-08-16T17:04:41.609+08:00 DEBUG 14772 --- [hybridsearch] [main] [                                                 ] o.s.data.convert.CustomConversions       : Adding converter from class java.lang.String to class java.util.UUID as reading converter
2025-08-16T17:04:41.609+08:00 DEBUG 14772 --- [hybridsearch] [main] [                                                 ] o.s.data.convert.CustomConversions       : Adding converter from class java.util.UUID to class java.lang.String as writing converter
2025-08-16T17:04:41.609+08:00 DEBUG 14772 --- [hybridsearch] [main] [                                                 ] o.s.data.convert.CustomConversions       : Adding converter from class java.math.BigDecimal to class java.lang.Double as writing converter
2025-08-16T17:04:41.609+08:00 DEBUG 14772 --- [hybridsearch] [main] [                                                 ] o.s.data.convert.CustomConversions       : Adding converter from class java.lang.Double to class java.math.BigDecimal as reading converter
2025-08-16T17:04:41.609+08:00 DEBUG 14772 --- [hybridsearch] [main] [                                                 ] o.s.data.convert.CustomConversions       : Adding converter from class [B to class java.lang.String as writing converter
2025-08-16T17:04:41.609+08:00 DEBUG 14772 --- [hybridsearch] [main] [                                                 ] o.s.data.convert.CustomConversions       : Adding converter from class java.lang.String to class [B as reading converter
2025-08-16T17:04:41.609+08:00 DEBUG 14772 --- [hybridsearch] [main] [                                                 ] o.s.data.convert.CustomConversions       : Adding converter from class java.util.Date to class java.time.LocalDateTime as reading converter
2025-08-16T17:04:41.609+08:00 DEBUG 14772 --- [hybridsearch] [main] [                                                 ] o.s.data.convert.CustomConversions       : Adding converter from class java.time.LocalDateTime to class java.util.Date as writing converter
2025-08-16T17:04:41.609+08:00 DEBUG 14772 --- [hybridsearch] [main] [                                                 ] o.s.data.convert.CustomConversions       : Adding converter from class java.util.Date to class java.time.LocalDate as reading converter
2025-08-16T17:04:41.609+08:00 DEBUG 14772 --- [hybridsearch] [main] [                                                 ] o.s.data.convert.CustomConversions       : Adding converter from class java.time.LocalDate to class java.util.Date as writing converter
2025-08-16T17:04:41.609+08:00 DEBUG 14772 --- [hybridsearch] [main] [                                                 ] o.s.data.convert.CustomConversions       : Adding converter from class java.util.Date to class java.time.LocalTime as reading converter
2025-08-16T17:04:41.609+08:00 DEBUG 14772 --- [hybridsearch] [main] [                                                 ] o.s.data.convert.CustomConversions       : Adding converter from class java.time.LocalTime to class java.util.Date as writing converter
2025-08-16T17:04:41.609+08:00 DEBUG 14772 --- [hybridsearch] [main] [                                                 ] o.s.data.convert.CustomConversions       : Adding converter from class java.util.Date to class java.time.Instant as reading converter
2025-08-16T17:04:41.609+08:00 DEBUG 14772 --- [hybridsearch] [main] [                                                 ] o.s.data.convert.CustomConversions       : Adding converter from class java.time.Instant to class java.util.Date as writing converter
2025-08-16T17:04:41.609+08:00 DEBUG 14772 --- [hybridsearch] [main] [                                                 ] o.s.data.convert.CustomConversions       : Adding converter from class java.time.LocalDateTime to class java.time.Instant as reading converter
2025-08-16T17:04:41.609+08:00 DEBUG 14772 --- [hybridsearch] [main] [                                                 ] o.s.data.convert.CustomConversions       : Adding converter from class java.time.Instant to class java.time.LocalDateTime as reading converter
2025-08-16T17:04:41.609+08:00 DEBUG 14772 --- [hybridsearch] [main] [                                                 ] o.s.data.convert.CustomConversions       : Adding converter from class java.time.ZoneId to class java.lang.String as writing converter
2025-08-16T17:04:41.609+08:00 DEBUG 14772 --- [hybridsearch] [main] [                                                 ] o.s.data.convert.CustomConversions       : Adding converter from class java.lang.String to class java.time.ZoneId as reading converter
2025-08-16T17:04:41.609+08:00 DEBUG 14772 --- [hybridsearch] [main] [                                                 ] o.s.data.convert.CustomConversions       : Adding converter from class java.time.Duration to class java.lang.String as writing converter
2025-08-16T17:04:41.609+08:00 DEBUG 14772 --- [hybridsearch] [main] [                                                 ] o.s.data.convert.CustomConversions       : Adding converter from class java.lang.String to class java.time.Duration as reading converter
2025-08-16T17:04:41.609+08:00 DEBUG 14772 --- [hybridsearch] [main] [                                                 ] o.s.data.convert.CustomConversions       : Adding converter from class java.time.Period to class java.lang.String as writing converter
2025-08-16T17:04:41.609+08:00 DEBUG 14772 --- [hybridsearch] [main] [                                                 ] o.s.data.convert.CustomConversions       : Adding converter from class java.lang.String to class java.time.Period as reading converter
2025-08-16T17:04:41.609+08:00 DEBUG 14772 --- [hybridsearch] [main] [                                                 ] o.s.data.convert.CustomConversions       : Adding converter from class java.lang.String to class java.time.LocalDate as reading converter
2025-08-16T17:04:41.609+08:00 DEBUG 14772 --- [hybridsearch] [main] [                                                 ] o.s.data.convert.CustomConversions       : Adding converter from class java.lang.String to class java.time.LocalDateTime as reading converter
2025-08-16T17:04:41.609+08:00 DEBUG 14772 --- [hybridsearch] [main] [                                                 ] o.s.data.convert.CustomConversions       : Adding converter from class java.lang.String to class java.time.Instant as reading converter
2025-08-16T17:04:41.617+08:00 DEBUG 14772 --- [hybridsearch] [main] [                                                 ] o.s.b.f.s.DefaultListableBeanFactory     : Autowiring by type from bean name 'reactiveElasticsearchOperations' via factory method to bean named 'elasticsearchEntityMapper'
2025-08-16T17:04:41.617+08:00 DEBUG 14772 --- [hybridsearch] [main] [                                                 ] o.s.b.f.s.DefaultListableBeanFactory     : Autowiring by type from bean name 'reactiveElasticsearchOperations' via factory method to bean named 'reactiveElasticsearchClient'
2025-08-16T17:04:41.644+08:00 DEBUG 14772 --- [hybridsearch] [main] [                                                 ] o.s.b.f.s.DefaultListableBeanFactory     : Creating shared instance of singleton bean 'data-reactive-elasticsearch.repository-aot-processor#0'
2025-08-16T17:04:41.646+08:00 DEBUG 14772 --- [hybridsearch] [main] [                                                 ] o.s.b.f.s.DefaultListableBeanFactory     : Creating shared instance of singleton bean 'exportExchange'
2025-08-16T17:04:41.647+08:00 DEBUG 14772 --- [hybridsearch] [main] [                                                 ] o.s.b.f.s.DefaultListableBeanFactory     : Creating shared instance of singleton bean 'exportQueue'
2025-08-16T17:04:41.649+08:00 DEBUG 14772 --- [hybridsearch] [main] [                                                 ] o.s.b.f.s.DefaultListableBeanFactory     : Creating shared instance of singleton bean 'exportBinding'
2025-08-16T17:04:41.651+08:00 DEBUG 14772 --- [hybridsearch] [main] [                                                 ] o.s.b.f.s.DefaultListableBeanFactory     : Creating shared instance of singleton bean 'jsonMessageConverter'
2025-08-16T17:04:41.661+08:00 DEBUG 14772 --- [hybridsearch] [main] [                                                 ] o.s.b.f.s.DefaultListableBeanFactory     : Creating shared instance of singleton bean 'rabbitTemplate'
2025-08-16T17:04:41.663+08:00 DEBUG 14772 --- [hybridsearch] [main] [                                                 ] o.s.b.f.s.DefaultListableBeanFactory     : Creating shared instance of singleton bean 'rabbitConnectionFactory'
2025-08-16T17:04:41.663+08:00 DEBUG 14772 --- [hybridsearch] [main] [                                                 ] o.s.b.f.s.DefaultListableBeanFactory     : Creating shared instance of singleton bean 'org.springframework.boot.autoconfigure.amqp.RabbitAutoConfiguration$RabbitConnectionFactoryCreator'
2025-08-16T17:04:41.663+08:00 DEBUG 14772 --- [hybridsearch] [main] [                                                 ] o.s.b.f.s.DefaultListableBeanFactory     : Creating shared instance of singleton bean 'spring.rabbitmq-org.springframework.boot.autoconfigure.amqp.RabbitProperties'
2025-08-16T17:04:41.673+08:00 DEBUG 14772 --- [hybridsearch] [main] [                                                 ] o.s.b.f.s.DefaultListableBeanFactory     : Autowiring by type from bean name 'org.springframework.boot.autoconfigure.amqp.RabbitAutoConfiguration$RabbitConnectionFactoryCreator' via constructor to bean named 'spring.rabbitmq-org.springframework.boot.autoconfigure.amqp.RabbitProperties'
2025-08-16T17:04:41.673+08:00 DEBUG 14772 --- [hybridsearch] [main] [                                                 ] o.s.b.f.s.DefaultListableBeanFactory     : Creating shared instance of singleton bean 'rabbitConnectionFactoryBeanConfigurer'
2025-08-16T17:04:41.675+08:00 DEBUG 14772 --- [hybridsearch] [main] [                                                 ] o.s.b.f.s.DefaultListableBeanFactory     : Creating shared instance of singleton bean 'rabbitConnectionDetails'
2025-08-16T17:04:41.676+08:00 DEBUG 14772 --- [hybridsearch] [main] [                                                 ] o.s.b.f.s.DefaultListableBeanFactory     : Autowiring by type from bean name 'rabbitConnectionFactoryBeanConfigurer' via factory method to bean named 'org.springframework.boot.web.reactive.context.AnnotationConfigReactiveWebServerApplicationContext@10c8f62'
2025-08-16T17:04:41.676+08:00 DEBUG 14772 --- [hybridsearch] [main] [                                                 ] o.s.b.f.s.DefaultListableBeanFactory     : Autowiring by type from bean name 'rabbitConnectionFactoryBeanConfigurer' via factory method to bean named 'rabbitConnectionDetails'
2025-08-16T17:04:41.677+08:00 DEBUG 14772 --- [hybridsearch] [main] [                                                 ] o.s.b.f.s.DefaultListableBeanFactory     : Creating shared instance of singleton bean 'rabbitConnectionFactoryConfigurer'
2025-08-16T17:04:41.678+08:00 DEBUG 14772 --- [hybridsearch] [main] [                                                 ] o.s.b.f.s.DefaultListableBeanFactory     : Autowiring by type from bean name 'rabbitConnectionFactoryConfigurer' via factory method to bean named 'rabbitConnectionDetails'
2025-08-16T17:04:41.678+08:00 DEBUG 14772 --- [hybridsearch] [main] [                                                 ] o.s.b.f.s.DefaultListableBeanFactory     : Autowiring by type from bean name 'rabbitConnectionFactory' via factory method to bean named 'rabbitConnectionFactoryBeanConfigurer'
2025-08-16T17:04:41.678+08:00 DEBUG 14772 --- [hybridsearch] [main] [                                                 ] o.s.b.f.s.DefaultListableBeanFactory     : Autowiring by type from bean name 'rabbitConnectionFactory' via factory method to bean named 'rabbitConnectionFactoryConfigurer'
2025-08-16T17:04:41.729+08:00 DEBUG 14772 --- [hybridsearch] [main] [                                                 ] o.s.b.f.s.DefaultListableBeanFactory     : Creating shared instance of singleton bean 'prometheusMeterRegistry'
2025-08-16T17:04:41.729+08:00 DEBUG 14772 --- [hybridsearch] [main] [                                                 ] o.s.b.f.s.DefaultListableBeanFactory     : Creating shared instance of singleton bean 'org.springframework.boot.actuate.autoconfigure.metrics.export.prometheus.PrometheusMetricsExportAutoConfiguration'
2025-08-16T17:04:41.729+08:00 DEBUG 14772 --- [hybridsearch] [main] [                                                 ] o.s.b.f.s.DefaultListableBeanFactory     : Creating shared instance of singleton bean 'prometheusConfig'
2025-08-16T17:04:41.729+08:00 DEBUG 14772 --- [hybridsearch] [main] [                                                 ] o.s.b.f.s.DefaultListableBeanFactory     : Creating shared instance of singleton bean 'management.prometheus.metrics.export-org.springframework.boot.actuate.autoconfigure.metrics.export.prometheus.PrometheusProperties'
2025-08-16T17:04:41.731+08:00 DEBUG 14772 --- [hybridsearch] [main] [                                                 ] o.s.b.f.s.DefaultListableBeanFactory     : Autowiring by type from bean name 'prometheusConfig' via factory method to bean named 'management.prometheus.metrics.export-org.springframework.boot.actuate.autoconfigure.metrics.export.prometheus.PrometheusProperties'
2025-08-16T17:04:41.733+08:00 DEBUG 14772 --- [hybridsearch] [main] [                                                 ] o.s.b.f.s.DefaultListableBeanFactory     : Creating shared instance of singleton bean 'prometheusRegistry'
2025-08-16T17:04:41.734+08:00 DEBUG 14772 --- [hybridsearch] [main] [                                                 ] o.s.b.f.s.DefaultListableBeanFactory     : Creating shared instance of singleton bean 'micrometerClock'
2025-08-16T17:04:41.734+08:00 DEBUG 14772 --- [hybridsearch] [main] [                                                 ] o.s.b.f.s.DefaultListableBeanFactory     : Creating shared instance of singleton bean 'org.springframework.boot.actuate.autoconfigure.metrics.MetricsAutoConfiguration'
2025-08-16T17:04:41.736+08:00 DEBUG 14772 --- [hybridsearch] [main] [                                                 ] o.s.b.f.s.DefaultListableBeanFactory     : Autowiring by type from bean name 'prometheusMeterRegistry' via factory method to bean named 'prometheusConfig'
2025-08-16T17:04:41.736+08:00 DEBUG 14772 --- [hybridsearch] [main] [                                                 ] o.s.b.f.s.DefaultListableBeanFactory     : Autowiring by type from bean name 'prometheusMeterRegistry' via factory method to bean named 'prometheusRegistry'
2025-08-16T17:04:41.736+08:00 DEBUG 14772 --- [hybridsearch] [main] [                                                 ] o.s.b.f.s.DefaultListableBeanFactory     : Autowiring by type from bean name 'prometheusMeterRegistry' via factory method to bean named 'micrometerClock'
2025-08-16T17:04:41.741+08:00 DEBUG 14772 --- [hybridsearch] [main] [                                                 ] i.m.c.u.i.logging.InternalLoggerFactory  : Using SLF4J as the default logging framework
2025-08-16T17:04:41.742+08:00 DEBUG 14772 --- [hybridsearch] [main] [                                                 ] o.s.b.f.s.DefaultListableBeanFactory     : Creating shared instance of singleton bean 'spanContext'
2025-08-16T17:04:41.742+08:00 DEBUG 14772 --- [hybridsearch] [main] [                                                 ] o.s.b.f.s.DefaultListableBeanFactory     : Creating shared instance of singleton bean 'org.springframework.boot.actuate.autoconfigure.tracing.prometheus.PrometheusExemplarsAutoConfiguration'
2025-08-16T17:04:41.769+08:00 DEBUG 14772 --- [hybridsearch] [main] [                                                 ] o.s.b.f.s.DefaultListableBeanFactory     : Creating shared instance of singleton bean 'propertiesMeterFilter'
2025-08-16T17:04:41.769+08:00 DEBUG 14772 --- [hybridsearch] [main] [                                                 ] o.s.b.f.s.DefaultListableBeanFactory     : Creating shared instance of singleton bean 'management.metrics-org.springframework.boot.actuate.autoconfigure.metrics.MetricsProperties'
2025-08-16T17:04:41.773+08:00 DEBUG 14772 --- [hybridsearch] [main] [                                                 ] o.s.b.f.s.DefaultListableBeanFactory     : Autowiring by type from bean name 'propertiesMeterFilter' via factory method to bean named 'management.metrics-org.springframework.boot.actuate.autoconfigure.metrics.MetricsProperties'
2025-08-16T17:04:41.774+08:00 DEBUG 14772 --- [hybridsearch] [main] [                                                 ] o.s.b.f.s.DefaultListableBeanFactory     : Creating shared instance of singleton bean 'metricsHttpClientUriTagFilter'
2025-08-16T17:04:41.774+08:00 DEBUG 14772 --- [hybridsearch] [main] [                                                 ] o.s.b.f.s.DefaultListableBeanFactory     : Creating shared instance of singleton bean 'org.springframework.boot.actuate.autoconfigure.observation.web.client.HttpClientObservationsAutoConfiguration$MeterFilterConfiguration'
2025-08-16T17:04:41.775+08:00 DEBUG 14772 --- [hybridsearch] [main] [                                                 ] o.s.b.f.s.DefaultListableBeanFactory     : Creating shared instance of singleton bean 'management.observations-org.springframework.boot.actuate.autoconfigure.observation.ObservationProperties'
2025-08-16T17:04:41.776+08:00 DEBUG 14772 --- [hybridsearch] [main] [                                                 ] o.s.b.f.s.DefaultListableBeanFactory     : Autowiring by type from bean name 'metricsHttpClientUriTagFilter' via factory method to bean named 'management.observations-org.springframework.boot.actuate.autoconfigure.observation.ObservationProperties'
2025-08-16T17:04:41.776+08:00 DEBUG 14772 --- [hybridsearch] [main] [                                                 ] o.s.b.f.s.DefaultListableBeanFactory     : Autowiring by type from bean name 'metricsHttpClientUriTagFilter' via factory method to bean named 'management.metrics-org.springframework.boot.actuate.autoconfigure.metrics.MetricsProperties'
2025-08-16T17:04:41.777+08:00 DEBUG 14772 --- [hybridsearch] [main] [                                                 ] o.s.b.f.s.DefaultListableBeanFactory     : Creating shared instance of singleton bean 'metricsHttpServerUriTagFilter'
2025-08-16T17:04:41.777+08:00 DEBUG 14772 --- [hybridsearch] [main] [                                                 ] o.s.b.f.s.DefaultListableBeanFactory     : Creating shared instance of singleton bean 'org.springframework.boot.actuate.autoconfigure.observation.web.reactive.WebFluxObservationAutoConfiguration'
2025-08-16T17:04:41.777+08:00 DEBUG 14772 --- [hybridsearch] [main] [                                                 ] o.s.b.f.s.DefaultListableBeanFactory     : Autowiring by type from bean name 'org.springframework.boot.actuate.autoconfigure.observation.web.reactive.WebFluxObservationAutoConfiguration' via constructor to bean named 'management.observations-org.springframework.boot.actuate.autoconfigure.observation.ObservationProperties'
2025-08-16T17:04:41.777+08:00 DEBUG 14772 --- [hybridsearch] [main] [                                                 ] o.s.b.f.s.DefaultListableBeanFactory     : Autowiring by type from bean name 'metricsHttpServerUriTagFilter' via factory method to bean named 'management.metrics-org.springframework.boot.actuate.autoconfigure.metrics.MetricsProperties'
2025-08-16T17:04:41.794+08:00 DEBUG 14772 --- [hybridsearch] [main] [                                                 ] o.s.b.f.s.DefaultListableBeanFactory     : Autowiring by type from bean name 'rabbitTemplate' via factory method to bean named 'rabbitConnectionFactory'
2025-08-16T17:04:41.817+08:00 DEBUG 14772 --- [hybridsearch] [main] [                                                 ] o.s.b.f.s.DefaultListableBeanFactory     : Creating shared instance of singleton bean 'redisConnectionFactory'
2025-08-16T17:04:41.864+08:00 DEBUG 14772 --- [hybridsearch] [main] [                                                 ] i.l.c.r.AddressResolverGroupProvider     : Starting with netty's non-blocking DNS resolver library
2025-08-16T17:04:41.875+08:00 DEBUG 14772 --- [hybridsearch] [main] [                                                 ] io.netty.util.NetUtil                    : -Djava.net.preferIPv4Stack: false
2025-08-16T17:04:41.875+08:00 DEBUG 14772 --- [hybridsearch] [main] [                                                 ] io.netty.util.NetUtil                    : -Djava.net.preferIPv6Addresses: false
2025-08-16T17:04:41.883+08:00 DEBUG 14772 --- [hybridsearch] [main] [                                                 ] io.netty.util.NetUtilInitializations     : Loopback interface: loopback_0 (Software Loopback Interface 1, 0:0:0:0:0:0:0:1)
2025-08-16T17:04:41.884+08:00 DEBUG 14772 --- [hybridsearch] [main] [                                                 ] io.netty.util.NetUtil                    : Failed to get SOMAXCONN from sysctl and file \proc\sys\net\core\somaxconn. Default: 200
2025-08-16T17:04:41.885+08:00 DEBUG 14772 --- [hybridsearch] [main] [                                                 ] io.netty.resolver.dns.DnsNameResolver    : Default ResolvedAddressTypes: IPV4_ONLY
2025-08-16T17:04:41.885+08:00 DEBUG 14772 --- [hybridsearch] [main] [                                                 ] io.netty.resolver.dns.DnsNameResolver    : Localhost address: localhost/127.0.0.1
2025-08-16T17:04:41.892+08:00 DEBUG 14772 --- [hybridsearch] [main] [                                                 ] io.netty.resolver.dns.DnsNameResolver    : Windows hostname: DESKTOP-2AEN16K
2025-08-16T17:04:41.892+08:00 DEBUG 14772 --- [hybridsearch] [main] [                                                 ] io.netty.resolver.dns.DnsNameResolver    : Default search domains: []
2025-08-16T17:04:41.894+08:00 DEBUG 14772 --- [hybridsearch] [main] [                                                 ] io.netty.resolver.dns.DnsNameResolver    : Default UnixResolverOptions{ndots=1, timeout=5, attempts=16}
2025-08-16T17:04:41.898+08:00 DEBUG 14772 --- [hybridsearch] [main] [                                                 ] i.n.r.DefaultHostsFileEntriesResolver    : -Dio.netty.hostsFileRefreshInterval: 0
2025-08-16T17:04:41.916+08:00 DEBUG 14772 --- [hybridsearch] [main] [                                                 ] .d.DefaultDnsServerAddressStreamProvider : Default DNS servers: [/192.168.0.1:53] (sun.net.dns.ResolverConfiguration)
2025-08-16T17:04:41.918+08:00 DEBUG 14772 --- [hybridsearch] [main] [                                                 ] i.lettuce.core.resource.KqueueProvider   : Starting without optional kqueue library
2025-08-16T17:04:41.919+08:00 DEBUG 14772 --- [hybridsearch] [main] [                                                 ] i.lettuce.core.resource.IOUringProvider  : Starting without optional io_uring library
2025-08-16T17:04:41.923+08:00 DEBUG 14772 --- [hybridsearch] [main] [                                                 ] io.lettuce.core.resource.EpollProvider   : Starting without optional epoll library
2025-08-16T17:04:41.931+08:00 DEBUG 14772 --- [hybridsearch] [main] [                                                 ] i.l.c.resource.DefaultClientResources    : -Dio.netty.eventLoopThreads: 16
2025-08-16T17:04:41.934+08:00 DEBUG 14772 --- [hybridsearch] [main] [                                                 ] i.l.c.r.DefaultEventLoopGroupProvider    : Creating executor io.netty.util.concurrent.DefaultEventExecutorGroup
2025-08-16T17:04:41.937+08:00 DEBUG 14772 --- [hybridsearch] [main] [                                                 ] i.n.util.ResourceLeakDetectorFactory     : Loaded default ResourceLeakDetector: io.netty.util.ResourceLeakDetector@782dc5
2025-08-16T17:04:41.941+08:00 DEBUG 14772 --- [hybridsearch] [main] [                                                 ] i.netty.util.internal.PlatformDependent  : org.jctools-core.MpscChunkedArrayQueue: available
2025-08-16T17:04:41.944+08:00 DEBUG 14772 --- [hybridsearch] [main] [                                                 ] i.l.core.event.jfr.EventRecorderHolder   : Starting with JFR support
2025-08-16T17:04:41.976+08:00 DEBUG 14772 --- [hybridsearch] [main] [                                                 ] o.s.b.f.s.DefaultListableBeanFactory     : Creating shared instance of singleton bean 'reactiveRedisConnectionFactory'
2025-08-16T17:04:41.977+08:00 DEBUG 14772 --- [hybridsearch] [main] [                                                 ] i.l.c.r.DefaultEventLoopGroupProvider    : Creating executor io.netty.util.concurrent.DefaultEventExecutorGroup
2025-08-16T17:04:41.979+08:00 DEBUG 14772 --- [hybridsearch] [main] [                                                 ] o.s.b.f.s.DefaultListableBeanFactory     : Creating shared instance of singleton bean 'reactiveRedisTemplate'
2025-08-16T17:04:41.984+08:00  WARN 14772 --- [hybridsearch] [main] [                                                 ] onfigReactiveWebServerApplicationContext : Exception encountered during context initialization - cancelling refresh attempt: org.springframework.beans.factory.UnsatisfiedDependencyException: Error creating bean with name 'reactiveRedisTemplate' defined in class path resource [com/hybridsearch/config/RedisConfig.class]: Unsatisfied dependency expressed through method 'reactiveRedisTemplate' parameter 0: No qualifying bean of type 'org.springframework.data.redis.connection.ReactiveRedisConnectionFactory' available: expected single matching bean but found 2: redisConnectionFactory,reactiveRedisConnectionFactory
2025-08-16T17:04:41.985+08:00 DEBUG 14772 --- [hybridsearch] [main] [                                                 ] io.lettuce.core.AbstractRedisClient      : Initiate shutdown (100, 100, MILLISECONDS)
2025-08-16T17:04:41.988+08:00 DEBUG 14772 --- [hybridsearch] [main] [                                                 ] i.l.c.resource.DefaultClientResources    : Initiate shutdown (100, 100, MILLISECONDS)
2025-08-16T17:04:41.990+08:00 DEBUG 14772 --- [hybridsearch] [main] [                                                 ] i.l.c.r.DefaultEventLoopGroupProvider    : Initiate shutdown (100, 100, MILLISECONDS)
2025-08-16T17:04:42.102+08:00 DEBUG 14772 --- [hybridsearch] [main] [                                                 ] io.lettuce.core.AbstractRedisClient      : Initiate shutdown (100, 100, MILLISECONDS)
2025-08-16T17:04:42.102+08:00 DEBUG 14772 --- [hybridsearch] [main] [                                                 ] i.l.c.resource.DefaultClientResources    : Initiate shutdown (100, 100, MILLISECONDS)
2025-08-16T17:04:42.102+08:00 DEBUG 14772 --- [hybridsearch] [main] [                                                 ] i.l.c.r.DefaultEventLoopGroupProvider    : Initiate shutdown (100, 100, MILLISECONDS)
2025-08-16T17:04:42.214+08:00 DEBUG 14772 --- [hybridsearch] [main] [                                                 ] o.s.b.f.support.DisposableBeanAdapter    : Custom destroy method 'close' on bean with name 'prometheusMeterRegistry' completed
2025-08-16T17:04:42.214+08:00 DEBUG 14772 --- [hybridsearch] [main] [                                                 ] .n.c.PoolingNHttpClientConnectionManager : Connection manager is shutting down
2025-08-16T17:04:42.214+08:00 DEBUG 14772 --- [hybridsearch] [main] [                                                 ] .n.c.PoolingNHttpClientConnectionManager : Connection manager shut down
2025-08-16T17:04:42.215+08:00 DEBUG 14772 --- [hybridsearch] [main] [                                                 ] o.s.s.concurrent.ThreadPoolTaskExecutor  : Shutting down ExecutorService 'applicationTaskExecutor'
2025-08-16T17:04:42.226+08:00 DEBUG 14772 --- [hybridsearch] [main] [                                                 ] .s.b.a.l.ConditionEvaluationReportLogger : 


============================
CONDITIONS EVALUATION REPORT
============================


Positive matches:
-----------------

   AopAutoConfiguration matched:
      - @ConditionalOnBooleanProperty (spring.aop.auto=true) matched (OnPropertyCondition)

   AopAutoConfiguration.ClassProxyingConfiguration matched:
      - @ConditionalOnMissingClass did not find unwanted class 'org.aspectj.weaver.Advice' (OnClassCondition)
      - @ConditionalOnBooleanProperty (spring.aop.proxy-target-class=true) matched (OnPropertyCondition)

   ApplicationAvailabilityAutoConfiguration#applicationAvailability matched:
      - @ConditionalOnMissingBean (types: org.springframework.boot.availability.ApplicationAvailability; SearchStrategy: all) did not find any beans (OnBeanCondition)

   BraveAutoConfiguration matched:
      - @ConditionalOnClass found required classes 'brave.Tracer', 'io.micrometer.tracing.brave.bridge.BraveTracer' (OnClassCondition)

   BraveAutoConfiguration#braveCurrentTraceContext matched:
      - @ConditionalOnMissingBean (types: brave.propagation.CurrentTraceContext; SearchStrategy: all) did not find any beans (OnBeanCondition)

   BraveAutoConfiguration#bravePropagator matched:
      - @ConditionalOnMissingBean (types: io.micrometer.tracing.brave.bridge.BravePropagator; SearchStrategy: all) did not find any beans (OnBeanCondition)

   BraveAutoConfiguration#braveSampler matched:
      - @ConditionalOnMissingBean (types: brave.sampler.Sampler; SearchStrategy: all) did not find any beans (OnBeanCondition)

   BraveAutoConfiguration#braveSpanCustomizer matched:
      - @ConditionalOnMissingBean (types: io.micrometer.tracing.SpanCustomizer; SearchStrategy: all) did not find any beans (OnBeanCondition)

   BraveAutoConfiguration#braveTracer matched:
      - @ConditionalOnMissingBean (types: brave.Tracer; SearchStrategy: all) did not find any beans (OnBeanCondition)

   BraveAutoConfiguration#braveTracerBridge matched:
      - @ConditionalOnMissingBean (types: io.micrometer.tracing.Tracer; SearchStrategy: all) did not find any beans (OnBeanCondition)

   BraveAutoConfiguration#braveTracing matched:
      - @ConditionalOnMissingBean (types: brave.Tracing; SearchStrategy: all) did not find any beans (OnBeanCondition)

   BraveAutoConfiguration#compositeSpanHandler matched:
      - @ConditionalOnMissingBean (types: io.micrometer.tracing.brave.bridge.CompositeSpanHandler; SearchStrategy: all) did not find any beans (OnBeanCondition)

   BraveAutoConfiguration#currentSpanCustomizer matched:
      - @ConditionalOnMissingBean (types: brave.SpanCustomizer; SearchStrategy: all) did not find any beans (OnBeanCondition)

   BravePropagationConfigurations.PropagationWithBaggage matched:
      - @ConditionalOnBooleanProperty (management.tracing.baggage.enabled=true) matched (OnPropertyCondition)

   BravePropagationConfigurations.PropagationWithBaggage#correlationFieldsCorrelationScopeCustomizer matched:
      - @ConditionalOnBooleanProperty (management.tracing.baggage.correlation.enabled=true) matched (OnPropertyCondition)

   BravePropagationConfigurations.PropagationWithBaggage#correlationScopeDecorator matched:
      - @ConditionalOnMissingBean (types: brave.baggage.CorrelationScopeDecorator; SearchStrategy: all) did not find any beans (OnBeanCondition)

   BravePropagationConfigurations.PropagationWithBaggage#mdcCorrelationScopeDecoratorBuilder matched:
      - @ConditionalOnMissingBean (types: brave.baggage.CorrelationScopeDecorator$Builder; SearchStrategy: all) did not find any beans (OnBeanCondition)

   BravePropagationConfigurations.PropagationWithBaggage#propagationFactory matched:
      - @ConditionalOnMissingBean (types: brave.propagation.Propagation$Factory; SearchStrategy: all) did not find any beans (OnBeanCondition)
      - @ConditionalOnEnabledTracing tracing is enabled by default (OnEnabledTracingCondition)

   BravePropagationConfigurations.PropagationWithBaggage#propagationFactoryBuilder matched:
      - @ConditionalOnMissingBean (types: brave.baggage.BaggagePropagation$FactoryBuilder; SearchStrategy: all) did not find any beans (OnBeanCondition)

   CacheMeterBinderProvidersConfiguration matched:
      - @ConditionalOnClass found required class 'io.micrometer.core.instrument.binder.MeterBinder' (OnClassCondition)

   CacheMeterBinderProvidersConfiguration.RedisCacheMeterBinderProviderConfiguration matched:
      - @ConditionalOnClass found required class 'org.springframework.data.redis.cache.RedisCache' (OnClassCondition)

   CacheMetricsAutoConfiguration matched:
      - @ConditionalOnBean (types: org.springframework.cache.CacheManager; SearchStrategy: all) found bean 'cacheManager' (OnBeanCondition)

   CacheMetricsRegistrarConfiguration matched:
      - @ConditionalOnBean (types: org.springframework.boot.actuate.metrics.cache.CacheMeterBinderProvider,io.micrometer.core.instrument.MeterRegistry; SearchStrategy: all) found beans 'prometheusMeterRegistry', 'redisCacheMeterBinderProvider' (OnBeanCondition)

   org.springframework.boot.autoconfigure.http.client.reactive.ClientHttpConnectorAutoConfiguration matched:
      - @ConditionalOnClass found required classes 'org.springframework.http.client.reactive.ClientHttpConnector', 'reactor.core.publisher.Mono' (OnClassCondition)
      - Detected ClientHttpConnectorBuilder (ConditionalOnClientHttpConnectorBuilderDetection)

   org.springframework.boot.autoconfigure.web.reactive.function.client.ClientHttpConnectorAutoConfiguration matched:
      - @ConditionalOnClass found required class 'org.springframework.web.reactive.function.client.WebClient' (OnClassCondition)

   ClientHttpConnectorAutoConfiguration#clientHttpConnector matched:
      - @ConditionalOnMissingBean (types: org.springframework.http.client.reactive.ClientHttpConnector; SearchStrategy: all) did not find any beans (OnBeanCondition)

   ClientHttpConnectorAutoConfiguration#clientHttpConnectorBuilder matched:
      - @ConditionalOnMissingBean (types: org.springframework.boot.http.client.reactive.ClientHttpConnectorBuilder<?>; SearchStrategy: all) did not find any beans (OnBeanCondition)

   ClientHttpConnectorAutoConfiguration#clientHttpConnectorSettings matched:
      - @ConditionalOnMissingBean (types: org.springframework.boot.http.client.reactive.ClientHttpConnectorSettings; SearchStrategy: all) did not find any beans (OnBeanCondition)

   org.springframework.boot.autoconfigure.http.client.reactive.ClientHttpConnectorAutoConfiguration$ReactorNetty matched:
      - @ConditionalOnClass found required class 'reactor.netty.http.client.HttpClient' (OnClassCondition)

   org.springframework.boot.autoconfigure.web.reactive.function.client.ClientHttpConnectorAutoConfiguration$ReactorNetty matched:
      - @ConditionalOnClass found required class 'reactor.netty.http.client.HttpClient' (OnClassCondition)

   CodecsAutoConfiguration matched:
      - @ConditionalOnClass found required classes 'org.springframework.http.codec.CodecConfigurer', 'org.springframework.web.reactive.function.client.WebClient' (OnClassCondition)

   CodecsAutoConfiguration.JacksonCodecConfiguration matched:
      - @ConditionalOnClass found required class 'com.fasterxml.jackson.databind.ObjectMapper' (OnClassCondition)

   CodecsAutoConfiguration.JacksonCodecConfiguration#jacksonCodecCustomizer matched:
      - @ConditionalOnBean (types: com.fasterxml.jackson.databind.ObjectMapper; SearchStrategy: all) found bean 'jacksonObjectMapper' (OnBeanCondition)

   CompositeMeterRegistryAutoConfiguration matched:
      - @ConditionalOnClass found required class 'io.micrometer.core.instrument.composite.CompositeMeterRegistry' (OnClassCondition)

   ConnectionFactoryDependentConfiguration matched:
      - @ConditionalOnClass found required class 'org.springframework.r2dbc.core.DatabaseClient' (OnClassCondition)
      - @ConditionalOnSingleCandidate (types: io.r2dbc.spi.ConnectionFactory; SearchStrategy: all) found a single bean 'connectionFactory' (OnBeanCondition)

   ConnectionFactoryHealthContributorAutoConfiguration matched:
      - @ConditionalOnClass found required class 'io.r2dbc.spi.ConnectionFactory' (OnClassCondition)
      - @ConditionalOnEnabledHealthIndicator management.health.defaults.enabled is considered true (OnEnabledHealthIndicatorCondition)
      - @ConditionalOnBean (types: io.r2dbc.spi.ConnectionFactory; SearchStrategy: all) found bean 'connectionFactory' (OnBeanCondition)

   ConnectionFactoryHealthContributorAutoConfiguration#r2dbcHealthContributor matched:
      - @ConditionalOnMissingBean (names: r2dbcHealthIndicator,r2dbcHealthContributor; SearchStrategy: all) did not find any beans (OnBeanCondition)

   ConnectionPoolMetricsAutoConfiguration matched:
      - @ConditionalOnClass found required classes 'io.r2dbc.pool.ConnectionPool', 'io.micrometer.core.instrument.MeterRegistry' (OnClassCondition)
      - @ConditionalOnBean (types: io.r2dbc.spi.ConnectionFactory,io.micrometer.core.instrument.MeterRegistry; SearchStrategy: all) found beans 'prometheusMeterRegistry', 'connectionFactory' (OnBeanCondition)

   DataSourceTransactionManagerAutoConfiguration matched:
      - @ConditionalOnClass found required classes 'javax.sql.DataSource', 'org.springframework.jdbc.core.JdbcTemplate', 'org.springframework.transaction.TransactionManager' (OnClassCondition)

   DiskSpaceHealthContributorAutoConfiguration matched:
      - @ConditionalOnEnabledHealthIndicator management.health.defaults.enabled is considered true (OnEnabledHealthIndicatorCondition)

   DiskSpaceHealthContributorAutoConfiguration#diskSpaceHealthIndicator matched:
      - @ConditionalOnMissingBean (names: diskSpaceHealthIndicator; SearchStrategy: all) did not find any beans (OnBeanCondition)

   ElasticsearchClientAutoConfiguration matched:
      - @ConditionalOnClass found required class 'co.elastic.clients.elasticsearch.ElasticsearchClient' (OnClassCondition)
      - @ConditionalOnBean (types: org.elasticsearch.client.RestClient; SearchStrategy: all) found bean 'elasticsearchRestClient' (OnBeanCondition)

   ElasticsearchClientConfigurations.ElasticsearchClientConfiguration matched:
      - @ConditionalOnBean (types: co.elastic.clients.transport.ElasticsearchTransport; SearchStrategy: all) found bean 'elasticsearchTransport' (OnBeanCondition)

   ElasticsearchClientConfigurations.ElasticsearchClientConfiguration#elasticsearchClient matched:
      - @ConditionalOnMissingBean (types: co.elastic.clients.elasticsearch.ElasticsearchClient; SearchStrategy: all) did not find any beans (OnBeanCondition)

   ElasticsearchDataAutoConfiguration matched:
      - @ConditionalOnClass found required class 'org.springframework.data.elasticsearch.client.elc.ElasticsearchTemplate' (OnClassCondition)

   ElasticsearchDataConfiguration.JavaClientConfiguration matched:
      - @ConditionalOnClass found required class 'co.elastic.clients.elasticsearch.ElasticsearchClient' (OnClassCondition)

   ElasticsearchDataConfiguration.JavaClientConfiguration#elasticsearchTemplate matched:
      - @ConditionalOnBean (types: co.elastic.clients.elasticsearch.ElasticsearchClient; SearchStrategy: all) found bean 'elasticsearchClient'; @ConditionalOnMissingBean (names: elasticsearchTemplate types: org.springframework.data.elasticsearch.core.ElasticsearchOperations; SearchStrategy: all) did not find any beans (OnBeanCondition)

   ElasticsearchReactiveHealthContributorAutoConfiguration matched:
      - @ConditionalOnClass found required classes 'org.springframework.data.elasticsearch.client.elc.ReactiveElasticsearchClient', 'reactor.core.publisher.Flux' (OnClassCondition)
      - @ConditionalOnEnabledHealthIndicator management.health.defaults.enabled is considered true (OnEnabledHealthIndicatorCondition)
      - @ConditionalOnBean (types: org.springframework.data.elasticsearch.client.elc.ReactiveElasticsearchClient; SearchStrategy: all) found bean 'reactiveElasticsearchClient' (OnBeanCondition)

   ElasticsearchReactiveHealthContributorAutoConfiguration#elasticsearchHealthContributor matched:
      - @ConditionalOnMissingBean (names: elasticsearchHealthIndicator,elasticsearchHealthContributor; SearchStrategy: all) did not find any beans (OnBeanCondition)

   ElasticsearchRepositoriesAutoConfiguration matched:
      - @ConditionalOnClass found required class 'org.springframework.data.elasticsearch.repository.ElasticsearchRepository' (OnClassCondition)
      - @ConditionalOnBooleanProperty (spring.data.elasticsearch.repositories.enabled=true) matched (OnPropertyCondition)
      - @ConditionalOnMissingBean (types: org.springframework.data.elasticsearch.repository.support.ElasticsearchRepositoryFactoryBean; SearchStrategy: all) did not find any beans (OnBeanCondition)

   ElasticsearchRestClientAutoConfiguration matched:
      - @ConditionalOnClass found required class 'org.elasticsearch.client.RestClientBuilder' (OnClassCondition)

   ElasticsearchRestClientConfigurations.RestClientBuilderConfiguration matched:
      - @ConditionalOnMissingBean (types: org.elasticsearch.client.RestClientBuilder; SearchStrategy: all) did not find any beans (OnBeanCondition)

   ElasticsearchRestClientConfigurations.RestClientBuilderConfiguration#elasticsearchConnectionDetails matched:
      - @ConditionalOnMissingBean (types: org.springframework.boot.autoconfigure.elasticsearch.ElasticsearchConnectionDetails; SearchStrategy: all) did not find any beans (OnBeanCondition)

   ElasticsearchRestHealthContributorAutoConfiguration matched:
      - @ConditionalOnClass found required class 'org.elasticsearch.client.RestClient' (OnClassCondition)
      - @ConditionalOnEnabledHealthIndicator management.health.defaults.enabled is considered true (OnEnabledHealthIndicatorCondition)
      - @ConditionalOnBean (types: org.elasticsearch.client.RestClient; SearchStrategy: all) found bean 'elasticsearchRestClient' (OnBeanCondition)

   EmbeddedWebServerFactoryCustomizerAutoConfiguration matched:
      - @ConditionalOnWebApplication (required) found ConfigurableReactiveWebEnvironment (OnWebApplicationCondition)
      - @ConditionalOnWarDeployment the application is not deployed as a WAR file. (OnWarDeploymentCondition)

   EmbeddedWebServerFactoryCustomizerAutoConfiguration.NettyWebServerFactoryCustomizerConfiguration matched:
      - @ConditionalOnClass found required class 'reactor.netty.http.server.HttpServer' (OnClassCondition)

   EndpointAutoConfiguration#endpointCachingOperationInvokerAdvisor matched:
      - @ConditionalOnMissingBean (types: org.springframework.boot.actuate.endpoint.invoker.cache.CachingOperationInvokerAdvisor; SearchStrategy: all) did not find any beans (OnBeanCondition)

   EndpointAutoConfiguration#endpointOperationParameterMapper matched:
      - @ConditionalOnMissingBean (types: org.springframework.boot.actuate.endpoint.invoke.ParameterValueMapper; SearchStrategy: all) did not find any beans (OnBeanCondition)

   EndpointAutoConfiguration#propertiesEndpointAccessResolver matched:
      - @ConditionalOnMissingBean (types: org.springframework.boot.actuate.endpoint.EndpointAccessResolver; SearchStrategy: all) did not find any beans (OnBeanCondition)

   ErrorWebFluxAutoConfiguration matched:
      - @ConditionalOnClass found required class 'org.springframework.web.reactive.config.WebFluxConfigurer' (OnClassCondition)
      - found ConfigurableReactiveWebEnvironment (OnWebApplicationCondition)

   ErrorWebFluxAutoConfiguration#errorAttributes matched:
      - @ConditionalOnMissingBean (types: org.springframework.boot.web.reactive.error.ErrorAttributes; SearchStrategy: current) did not find any beans (OnBeanCondition)

   ErrorWebFluxAutoConfiguration#errorWebExceptionHandler matched:
      - @ConditionalOnMissingBean (types: org.springframework.boot.web.reactive.error.ErrorWebExceptionHandler; SearchStrategy: current) did not find any beans (OnBeanCondition)

   HealthContributorAutoConfiguration#pingHealthContributor matched:
      - @ConditionalOnEnabledHealthIndicator management.health.defaults.enabled is considered true (OnEnabledHealthIndicatorCondition)

   HealthEndpointAutoConfiguration matched:
      - @ConditionalOnAvailableEndpoint marked as exposed by a 'management.endpoints.web.exposure' property (OnAvailableEndpointCondition)

   HealthEndpointConfiguration#healthContributorRegistry matched:
      - @ConditionalOnMissingBean (types: org.springframework.boot.actuate.health.HealthContributorRegistry; SearchStrategy: all) did not find any beans (OnBeanCondition)

   HealthEndpointConfiguration#healthEndpoint matched:
      - @ConditionalOnMissingBean (types: org.springframework.boot.actuate.health.HealthEndpoint; SearchStrategy: all) did not find any beans (OnBeanCondition)

   HealthEndpointConfiguration#healthEndpointGroupMembershipValidator matched:
      - @ConditionalOnBooleanProperty (management.endpoint.health.validate-group-membership=true) matched (OnPropertyCondition)

   HealthEndpointConfiguration#healthEndpointGroups matched:
      - @ConditionalOnMissingBean (types: org.springframework.boot.actuate.health.HealthEndpointGroups; SearchStrategy: all) did not find any beans (OnBeanCondition)

   HealthEndpointConfiguration#healthHttpCodeStatusMapper matched:
      - @ConditionalOnMissingBean (types: org.springframework.boot.actuate.health.HttpCodeStatusMapper; SearchStrategy: all) did not find any beans (OnBeanCondition)

   HealthEndpointConfiguration#healthStatusAggregator matched:
      - @ConditionalOnMissingBean (types: org.springframework.boot.actuate.health.StatusAggregator; SearchStrategy: all) did not find any beans (OnBeanCondition)

   HealthEndpointReactiveWebExtensionConfiguration matched:
      - found ConfigurableReactiveWebEnvironment (OnWebApplicationCondition)
      - @ConditionalOnAvailableEndpoint marked as exposed by a 'management.endpoints.web.exposure' property (OnAvailableEndpointCondition)

   HealthEndpointReactiveWebExtensionConfiguration#reactiveHealthEndpointWebExtension matched:
      - @ConditionalOnBean (types: org.springframework.boot.actuate.health.HealthEndpoint; SearchStrategy: all) found bean 'healthEndpoint'; @ConditionalOnMissingBean (types: org.springframework.boot.actuate.health.ReactiveHealthEndpointWebExtension; SearchStrategy: all) did not find any beans (OnBeanCondition)

   HttpClientObservationsAutoConfiguration matched:
      - @ConditionalOnClass found required class 'io.micrometer.observation.Observation' (OnClassCondition)
      - @ConditionalOnBean (types: io.micrometer.observation.ObservationRegistry; SearchStrategy: all) found bean 'observationRegistry' (OnBeanCondition)

   HttpClientObservationsAutoConfiguration.MeterFilterConfiguration matched:
      - @ConditionalOnClass found required class 'io.micrometer.core.instrument.MeterRegistry' (OnClassCondition)
      - @ConditionalOnBean (types: io.micrometer.core.instrument.MeterRegistry; SearchStrategy: all) found bean 'prometheusMeterRegistry' (OnBeanCondition)

   HttpHandlerAutoConfiguration matched:
      - @ConditionalOnClass found required classes 'org.springframework.web.reactive.DispatcherHandler', 'org.springframework.http.server.reactive.HttpHandler' (OnClassCondition)
      - found ConfigurableReactiveWebEnvironment (OnWebApplicationCondition)
      - @ConditionalOnMissingBean (types: org.springframework.http.server.reactive.HttpHandler; SearchStrategy: all) did not find any beans (OnBeanCondition)

   InfoEndpointAutoConfiguration matched:
      - @ConditionalOnAvailableEndpoint marked as exposed by a 'management.endpoints.web.exposure' property (OnAvailableEndpointCondition)

   InfoEndpointAutoConfiguration#infoEndpoint matched:
      - @ConditionalOnMissingBean (types: org.springframework.boot.actuate.info.InfoEndpoint; SearchStrategy: all) did not find any beans (OnBeanCondition)

   JacksonAutoConfiguration matched:
      - @ConditionalOnClass found required class 'com.fasterxml.jackson.databind.ObjectMapper' (OnClassCondition)

   JacksonAutoConfiguration.Jackson2ObjectMapperBuilderCustomizerConfiguration matched:
      - @ConditionalOnClass found required class 'org.springframework.http.converter.json.Jackson2ObjectMapperBuilder' (OnClassCondition)

   JacksonAutoConfiguration.JacksonObjectMapperBuilderConfiguration matched:
      - @ConditionalOnClass found required class 'org.springframework.http.converter.json.Jackson2ObjectMapperBuilder' (OnClassCondition)

   JacksonAutoConfiguration.JacksonObjectMapperBuilderConfiguration#jacksonObjectMapperBuilder matched:
      - @ConditionalOnMissingBean (types: org.springframework.http.converter.json.Jackson2ObjectMapperBuilder; SearchStrategy: all) did not find any beans (OnBeanCondition)

   JacksonAutoConfiguration.JacksonObjectMapperConfiguration matched:
      - @ConditionalOnClass found required class 'org.springframework.http.converter.json.Jackson2ObjectMapperBuilder' (OnClassCondition)

   JacksonAutoConfiguration.JacksonObjectMapperConfiguration#jacksonObjectMapper matched:
      - @ConditionalOnMissingBean (types: com.fasterxml.jackson.databind.ObjectMapper; SearchStrategy: all) did not find any beans (OnBeanCondition)

   JacksonAutoConfiguration.ParameterNamesModuleConfiguration matched:
      - @ConditionalOnClass found required class 'com.fasterxml.jackson.module.paramnames.ParameterNamesModule' (OnClassCondition)

   JacksonAutoConfiguration.ParameterNamesModuleConfiguration#parameterNamesModule matched:
      - @ConditionalOnMissingBean (types: com.fasterxml.jackson.module.paramnames.ParameterNamesModule; SearchStrategy: all) did not find any beans (OnBeanCondition)

   JacksonEndpointAutoConfiguration#endpointObjectMapper matched:
      - @ConditionalOnClass found required classes 'com.fasterxml.jackson.databind.ObjectMapper', 'org.springframework.http.converter.json.Jackson2ObjectMapperBuilder' (OnClassCondition)
      - @ConditionalOnBooleanProperty (management.endpoints.jackson.isolated-object-mapper=true) matched (OnPropertyCondition)

   JvmMetricsAutoConfiguration matched:
      - @ConditionalOnClass found required class 'io.micrometer.core.instrument.MeterRegistry' (OnClassCondition)
      - @ConditionalOnBean (types: io.micrometer.core.instrument.MeterRegistry; SearchStrategy: all) found bean 'prometheusMeterRegistry' (OnBeanCondition)

   JvmMetricsAutoConfiguration#classLoaderMetrics matched:
      - @ConditionalOnMissingBean (types: io.micrometer.core.instrument.binder.jvm.ClassLoaderMetrics; SearchStrategy: all) did not find any beans (OnBeanCondition)

   JvmMetricsAutoConfiguration#jvmCompilationMetrics matched:
      - @ConditionalOnMissingBean (types: io.micrometer.core.instrument.binder.jvm.JvmCompilationMetrics; SearchStrategy: all) did not find any beans (OnBeanCondition)

   JvmMetricsAutoConfiguration#jvmGcMetrics matched:
      - @ConditionalOnMissingBean (types: io.micrometer.core.instrument.binder.jvm.JvmGcMetrics; SearchStrategy: all) did not find any beans (OnBeanCondition)

   JvmMetricsAutoConfiguration#jvmHeapPressureMetrics matched:
      - @ConditionalOnMissingBean (types: io.micrometer.core.instrument.binder.jvm.JvmHeapPressureMetrics; SearchStrategy: all) did not find any beans (OnBeanCondition)

   JvmMetricsAutoConfiguration#jvmInfoMetrics matched:
      - @ConditionalOnMissingBean (types: io.micrometer.core.instrument.binder.jvm.JvmInfoMetrics; SearchStrategy: all) did not find any beans (OnBeanCondition)

   JvmMetricsAutoConfiguration#jvmMemoryMetrics matched:
      - @ConditionalOnMissingBean (types: io.micrometer.core.instrument.binder.jvm.JvmMemoryMetrics; SearchStrategy: all) did not find any beans (OnBeanCondition)

   JvmMetricsAutoConfiguration#jvmThreadMetrics matched:
      - @ConditionalOnMissingBean (types: io.micrometer.core.instrument.binder.jvm.JvmThreadMetrics; SearchStrategy: all) did not find any beans (OnBeanCondition)

   LettuceConnectionConfiguration matched:
      - @ConditionalOnClass found required class 'io.lettuce.core.RedisClient' (OnClassCondition)
      - @ConditionalOnProperty (spring.data.redis.client-type=lettuce) matched (OnPropertyCondition)

   LettuceConnectionConfiguration#lettuceClientResources matched:
      - @ConditionalOnMissingBean (types: io.lettuce.core.resource.ClientResources; SearchStrategy: all) did not find any beans (OnBeanCondition)

   LettuceMetricsAutoConfiguration matched:
      - @ConditionalOnClass found required classes 'io.lettuce.core.RedisClient', 'io.lettuce.core.metrics.MicrometerCommandLatencyRecorder' (OnClassCondition)
      - @ConditionalOnBean (types: io.micrometer.core.instrument.MeterRegistry; SearchStrategy: all) found bean 'prometheusMeterRegistry' (OnBeanCondition)

   LettuceMetricsAutoConfiguration#micrometerOptions matched:
      - @ConditionalOnMissingBean (types: io.lettuce.core.metrics.MicrometerOptions; SearchStrategy: all) did not find any beans (OnBeanCondition)

   LifecycleAutoConfiguration#defaultLifecycleProcessor matched:
      - @ConditionalOnMissingBean (names: lifecycleProcessor; SearchStrategy: current) did not find any beans (OnBeanCondition)

   LogbackMetricsAutoConfiguration matched:
      - @ConditionalOnClass found required classes 'io.micrometer.core.instrument.MeterRegistry', 'ch.qos.logback.classic.LoggerContext', 'org.slf4j.LoggerFactory' (OnClassCondition)
      - LogbackLoggingCondition ILoggerFactory is a Logback LoggerContext (LogbackMetricsAutoConfiguration.LogbackLoggingCondition)
      - @ConditionalOnBean (types: io.micrometer.core.instrument.MeterRegistry; SearchStrategy: all) found bean 'prometheusMeterRegistry' (OnBeanCondition)

   LogbackMetricsAutoConfiguration#logbackMetrics matched:
      - @ConditionalOnMissingBean (types: io.micrometer.core.instrument.binder.logging.LogbackMetrics; SearchStrategy: all) did not find any beans (OnBeanCondition)

   ManagementContextAutoConfiguration.SameManagementContextConfiguration matched:
      - Management Port actual port type (SAME) matched required type (OnManagementPortCondition)

   MetricsAutoConfiguration matched:
      - @ConditionalOnClass found required class 'io.micrometer.core.annotation.Timed' (OnClassCondition)

   MetricsAutoConfiguration#micrometerClock matched:
      - @ConditionalOnMissingBean (types: io.micrometer.core.instrument.Clock; SearchStrategy: all) did not find any beans (OnBeanCondition)

   MetricsEndpointAutoConfiguration matched:
      - @ConditionalOnClass found required class 'io.micrometer.core.annotation.Timed' (OnClassCondition)
      - @ConditionalOnAvailableEndpoint marked as exposed by a 'management.endpoints.web.exposure' property (OnAvailableEndpointCondition)

   MetricsEndpointAutoConfiguration#metricsEndpoint matched:
      - @ConditionalOnBean (types: io.micrometer.core.instrument.MeterRegistry; SearchStrategy: all) found bean 'prometheusMeterRegistry'; @ConditionalOnMissingBean (types: org.springframework.boot.actuate.metrics.MetricsEndpoint; SearchStrategy: all) did not find any beans (OnBeanCondition)

   MicrometerTracingAutoConfiguration matched:
      - @ConditionalOnClass found required class 'io.micrometer.tracing.Tracer' (OnClassCondition)
      - @ConditionalOnBean (types: io.micrometer.tracing.Tracer; SearchStrategy: all) found bean 'braveTracerBridge' (OnBeanCondition)

   MicrometerTracingAutoConfiguration#defaultTracingObservationHandler matched:
      - @ConditionalOnMissingBean (types: io.micrometer.tracing.handler.DefaultTracingObservationHandler; SearchStrategy: all) did not find any beans (OnBeanCondition)

   MicrometerTracingAutoConfiguration#propagatingReceiverTracingObservationHandler matched:
      - @ConditionalOnBean (types: io.micrometer.tracing.propagation.Propagator; SearchStrategy: all) found bean 'bravePropagator'; @ConditionalOnMissingBean (types: io.micrometer.tracing.handler.PropagatingReceiverTracingObservationHandler<?>; SearchStrategy: all) did not find any beans (OnBeanCondition)

   MicrometerTracingAutoConfiguration#propagatingSenderTracingObservationHandler matched:
      - @ConditionalOnBean (types: io.micrometer.tracing.propagation.Propagator; SearchStrategy: all) found bean 'bravePropagator'; @ConditionalOnMissingBean (types: io.micrometer.tracing.handler.PropagatingSenderTracingObservationHandler<?>; SearchStrategy: all) did not find any beans (OnBeanCondition)

   NettyAutoConfiguration matched:
      - @ConditionalOnClass found required class 'io.netty.util.NettyRuntime' (OnClassCondition)

   ObservationAutoConfiguration matched:
      - @ConditionalOnClass found required class 'io.micrometer.observation.ObservationRegistry' (OnClassCondition)

   ObservationAutoConfiguration#observationRegistry matched:
      - @ConditionalOnMissingBean (types: io.micrometer.observation.ObservationRegistry; SearchStrategy: all) did not find any beans (OnBeanCondition)

   ObservationAutoConfiguration.MeterObservationHandlerConfiguration matched:
      - @ConditionalOnBean (types: io.micrometer.core.instrument.MeterRegistry; SearchStrategy: all) found bean 'prometheusMeterRegistry'; @ConditionalOnMissingBean (types: io.micrometer.core.instrument.observation.MeterObservationHandler; SearchStrategy: all) did not find any beans (OnBeanCondition)

   ObservationAutoConfiguration.MeterObservationHandlerConfiguration.TracingAndMetricsObservationHandlerConfiguration matched:
      - @ConditionalOnBean (types: io.micrometer.tracing.Tracer; SearchStrategy: all) found bean 'braveTracerBridge' (OnBeanCondition)

   ObservationAutoConfiguration.MetricsWithTracingConfiguration matched:
      - @ConditionalOnClass found required classes 'io.micrometer.core.instrument.MeterRegistry', 'io.micrometer.tracing.Tracer' (OnClassCondition)

   PersistenceExceptionTranslationAutoConfiguration matched:
      - @ConditionalOnClass found required class 'org.springframework.dao.annotation.PersistenceExceptionTranslationPostProcessor' (OnClassCondition)

   PersistenceExceptionTranslationAutoConfiguration#persistenceExceptionTranslationPostProcessor matched:
      - @ConditionalOnBooleanProperty (spring.dao.exceptiontranslation.enabled=true) matched (OnPropertyCondition)
      - @ConditionalOnMissingBean (types: org.springframework.dao.annotation.PersistenceExceptionTranslationPostProcessor; SearchStrategy: all) did not find any beans (OnBeanCondition)

   PrometheusExemplarsAutoConfiguration matched:
      - @ConditionalOnClass found required classes 'io.micrometer.tracing.Tracer', 'io.prometheus.metrics.tracer.common.SpanContext' (OnClassCondition)
      - @ConditionalOnBean (types: io.micrometer.tracing.Tracer; SearchStrategy: all) found bean 'braveTracerBridge' (OnBeanCondition)

   PrometheusExemplarsAutoConfiguration#spanContext matched:
      - @ConditionalOnMissingBean (types: io.prometheus.metrics.tracer.common.SpanContext; SearchStrategy: all) did not find any beans (OnBeanCondition)

   PrometheusMetricsExportAutoConfiguration matched:
      - @ConditionalOnClass found required class 'io.micrometer.prometheusmetrics.PrometheusMeterRegistry' (OnClassCondition)
      - @ConditionalOnEnabledMetricsExport management.defaults.metrics.export.enabled is considered true (OnMetricsExportEnabledCondition)
      - @ConditionalOnBean (types: io.micrometer.core.instrument.Clock; SearchStrategy: all) found bean 'micrometerClock' (OnBeanCondition)

   PrometheusMetricsExportAutoConfiguration#prometheusConfig matched:
      - @ConditionalOnMissingBean (types: io.micrometer.prometheusmetrics.PrometheusConfig; SearchStrategy: all) did not find any beans (OnBeanCondition)

   PrometheusMetricsExportAutoConfiguration#prometheusMeterRegistry matched:
      - @ConditionalOnMissingBean (types: io.micrometer.prometheusmetrics.PrometheusMeterRegistry; SearchStrategy: all) did not find any beans (OnBeanCondition)

   PrometheusMetricsExportAutoConfiguration#prometheusRegistry matched:
      - @ConditionalOnMissingBean (types: io.prometheus.metrics.model.registry.PrometheusRegistry; SearchStrategy: all) did not find any beans (OnBeanCondition)

   PrometheusMetricsExportAutoConfiguration.PrometheusScrapeEndpointConfiguration matched:
      - @ConditionalOnAvailableEndpoint marked as exposed by a 'management.endpoints.web.exposure' property (OnAvailableEndpointCondition)

   PrometheusMetricsExportAutoConfiguration.PrometheusScrapeEndpointConfiguration#prometheusEndpoint matched:
      - @ConditionalOnMissingBean (types: org.springframework.boot.actuate.metrics.export.prometheus.PrometheusScrapeEndpoint; SearchStrategy: all) did not find any beans (OnBeanCondition)

   PropertyPlaceholderAutoConfiguration#propertySourcesPlaceholderConfigurer matched:
      - @ConditionalOnMissingBean (types: org.springframework.context.support.PropertySourcesPlaceholderConfigurer; SearchStrategy: current) did not find any beans (OnBeanCondition)

   R2dbcAutoConfiguration matched:
      - @ConditionalOnClass found required class 'io.r2dbc.spi.ConnectionFactory' (OnClassCondition)
      - @ConditionalOnResource found location classpath:META-INF/services/io.r2dbc.spi.ConnectionFactoryProvider (OnResourceCondition)

   R2dbcAutoConfiguration#propertiesR2dbcConnectionDetails matched:
      - @ConditionalOnProperty (spring.r2dbc.url) matched (OnPropertyCondition)
      - @ConditionalOnMissingBean (types: org.springframework.boot.autoconfigure.r2dbc.R2dbcConnectionDetails; SearchStrategy: all) did not find any beans (OnBeanCondition)

   R2dbcDataAutoConfiguration matched:
      - @ConditionalOnClass found required classes 'org.springframework.r2dbc.core.DatabaseClient', 'org.springframework.data.r2dbc.core.R2dbcEntityTemplate' (OnClassCondition)
      - @ConditionalOnSingleCandidate (types: org.springframework.r2dbc.core.DatabaseClient; SearchStrategy: all) found a single bean 'r2dbcDatabaseClient' (OnBeanCondition)

   R2dbcInitializationConfiguration matched:
      - @ConditionalOnClass found required classes 'io.r2dbc.spi.ConnectionFactory', 'org.springframework.r2dbc.connection.init.DatabasePopulator' (OnClassCondition)
      - @ConditionalOnSingleCandidate (types: io.r2dbc.spi.ConnectionFactory; SearchStrategy: all) found a single bean 'connectionFactory'; @ConditionalOnMissingBean (types: org.springframework.boot.autoconfigure.sql.init.SqlR2dbcScriptDatabaseInitializer,org.springframework.boot.autoconfigure.sql.init.SqlDataSourceScriptDatabaseInitializer; SearchStrategy: all) did not find any beans (OnBeanCondition)

   R2dbcTransactionManagerAutoConfiguration matched:
      - @ConditionalOnClass found required classes 'org.springframework.r2dbc.connection.R2dbcTransactionManager', 'org.springframework.transaction.ReactiveTransactionManager' (OnClassCondition)
      - @ConditionalOnSingleCandidate (types: io.r2dbc.spi.ConnectionFactory; SearchStrategy: all) found a single bean 'connectionFactory' (OnBeanCondition)

   RabbitAnnotationDrivenConfiguration matched:
      - @ConditionalOnClass found required class 'org.springframework.amqp.rabbit.annotation.EnableRabbit' (OnClassCondition)

   RabbitAnnotationDrivenConfiguration#directRabbitListenerContainerFactoryConfigurer matched:
      - @ConditionalOnMissingBean (types: org.springframework.boot.autoconfigure.amqp.DirectRabbitListenerContainerFactoryConfigurer; SearchStrategy: all) did not find any beans (OnBeanCondition)
      - @ConditionalOnThreading found PLATFORM (OnThreadingCondition)

   RabbitAnnotationDrivenConfiguration#simpleRabbitListenerContainerFactory matched:
      - @ConditionalOnProperty (spring.rabbitmq.listener.type=simple) matched (OnPropertyCondition)
      - @ConditionalOnMissingBean (names: rabbitListenerContainerFactory; SearchStrategy: all) did not find any beans (OnBeanCondition)

   RabbitAnnotationDrivenConfiguration#simpleRabbitListenerContainerFactoryConfigurer matched:
      - @ConditionalOnMissingBean (types: org.springframework.boot.autoconfigure.amqp.SimpleRabbitListenerContainerFactoryConfigurer; SearchStrategy: all) did not find any beans (OnBeanCondition)
      - @ConditionalOnThreading found PLATFORM (OnThreadingCondition)

   RabbitAnnotationDrivenConfiguration.EnableRabbitConfiguration matched:
      - @ConditionalOnMissingBean (names: org.springframework.amqp.rabbit.config.internalRabbitListenerAnnotationProcessor; SearchStrategy: all) did not find any beans (OnBeanCondition)

   RabbitAutoConfiguration matched:
      - @ConditionalOnClass found required classes 'org.springframework.amqp.rabbit.core.RabbitTemplate', 'com.rabbitmq.client.Channel' (OnClassCondition)

   RabbitAutoConfiguration.RabbitConnectionFactoryCreator#rabbitConnectionDetails matched:
      - @ConditionalOnMissingBean (types: org.springframework.boot.autoconfigure.amqp.RabbitConnectionDetails; SearchStrategy: all) did not find any beans (OnBeanCondition)

   RabbitAutoConfiguration.RabbitConnectionFactoryCreator#rabbitConnectionFactory matched:
      - @ConditionalOnMissingBean (types: org.springframework.amqp.rabbit.connection.ConnectionFactory; SearchStrategy: all) did not find any beans (OnBeanCondition)

   RabbitAutoConfiguration.RabbitConnectionFactoryCreator#rabbitConnectionFactoryBeanConfigurer matched:
      - @ConditionalOnMissingBean (types: org.springframework.boot.autoconfigure.amqp.RabbitConnectionFactoryBeanConfigurer; SearchStrategy: all) did not find any beans (OnBeanCondition)

   RabbitAutoConfiguration.RabbitConnectionFactoryCreator#rabbitConnectionFactoryConfigurer matched:
      - @ConditionalOnMissingBean (types: org.springframework.boot.autoconfigure.amqp.CachingConnectionFactoryConfigurer; SearchStrategy: all) did not find any beans (OnBeanCondition)

   RabbitAutoConfiguration.RabbitMessagingTemplateConfiguration matched:
      - @ConditionalOnClass found required class 'org.springframework.amqp.rabbit.core.RabbitMessagingTemplate' (OnClassCondition)
      - @ConditionalOnMissingBean (types: org.springframework.amqp.rabbit.core.RabbitMessagingTemplate; SearchStrategy: all) did not find any beans (OnBeanCondition)

   RabbitAutoConfiguration.RabbitMessagingTemplateConfiguration#rabbitMessagingTemplate matched:
      - @ConditionalOnSingleCandidate (types: org.springframework.amqp.rabbit.core.RabbitTemplate; SearchStrategy: all) found a single bean 'rabbitTemplate' (OnBeanCondition)

   RabbitAutoConfiguration.RabbitTemplateConfiguration#amqpAdmin matched:
      - @ConditionalOnBooleanProperty (spring.rabbitmq.dynamic=true) matched (OnPropertyCondition)
      - @ConditionalOnSingleCandidate (types: org.springframework.amqp.rabbit.connection.ConnectionFactory; SearchStrategy: all) found a single bean 'rabbitConnectionFactory'; @ConditionalOnMissingBean (types: org.springframework.amqp.core.AmqpAdmin; SearchStrategy: all) did not find any beans (OnBeanCondition)

   RabbitAutoConfiguration.RabbitTemplateConfiguration#rabbitTemplateConfigurer matched:
      - @ConditionalOnMissingBean (types: org.springframework.boot.autoconfigure.amqp.RabbitTemplateConfigurer; SearchStrategy: all) did not find any beans (OnBeanCondition)

   RabbitHealthContributorAutoConfiguration matched:
      - @ConditionalOnClass found required class 'org.springframework.amqp.rabbit.core.RabbitTemplate' (OnClassCondition)
      - @ConditionalOnEnabledHealthIndicator management.health.defaults.enabled is considered true (OnEnabledHealthIndicatorCondition)
      - @ConditionalOnBean (types: org.springframework.amqp.rabbit.core.RabbitTemplate; SearchStrategy: all) found bean 'rabbitTemplate' (OnBeanCondition)

   RabbitHealthContributorAutoConfiguration#rabbitHealthContributor matched:
      - @ConditionalOnMissingBean (names: rabbitHealthIndicator,rabbitHealthContributor; SearchStrategy: all) did not find any beans (OnBeanCondition)

   RabbitMetricsAutoConfiguration matched:
      - @ConditionalOnClass found required classes 'com.rabbitmq.client.ConnectionFactory', 'org.springframework.amqp.rabbit.connection.AbstractConnectionFactory' (OnClassCondition)
      - @ConditionalOnBean (types: org.springframework.amqp.rabbit.connection.ConnectionFactory,io.micrometer.core.instrument.MeterRegistry; SearchStrategy: all) found beans 'prometheusMeterRegistry', 'rabbitConnectionFactory' (OnBeanCondition)

   ReactiveElasticsearchClientAutoConfiguration matched:
      - @ConditionalOnClass found required classes 'org.springframework.data.elasticsearch.client.elc.ReactiveElasticsearchClient', 'co.elastic.clients.transport.ElasticsearchTransport', 'reactor.core.publisher.Mono' (OnClassCondition)
      - @ConditionalOnBean (types: org.elasticsearch.client.RestClient; SearchStrategy: all) found bean 'elasticsearchRestClient' (OnBeanCondition)

   ReactiveHealthEndpointConfiguration matched:
      - @ConditionalOnClass found required class 'reactor.core.publisher.Flux' (OnClassCondition)
      - @ConditionalOnBean (types: org.springframework.boot.actuate.health.HealthEndpoint; SearchStrategy: all) found bean 'healthEndpoint' (OnBeanCondition)

   ReactiveHealthEndpointConfiguration#reactiveHealthContributorRegistry matched:
      - @ConditionalOnMissingBean (types: org.springframework.boot.actuate.health.ReactiveHealthContributorRegistry; SearchStrategy: all) did not find any beans (OnBeanCondition)

   ReactiveManagementContextAutoConfiguration matched:
      - @ConditionalOnClass found required class 'reactor.core.publisher.Flux' (OnClassCondition)
      - found ConfigurableReactiveWebEnvironment (OnWebApplicationCondition)

   ReactiveMultipartAutoConfiguration matched:
      - @ConditionalOnClass found required classes 'org.springframework.http.codec.multipart.DefaultPartHttpMessageReader', 'org.springframework.web.reactive.config.WebFluxConfigurer' (OnClassCondition)
      - found ConfigurableReactiveWebEnvironment (OnWebApplicationCondition)

   ReactiveWebServerFactoryAutoConfiguration matched:
      - @ConditionalOnClass found required class 'org.springframework.http.ReactiveHttpInputMessage' (OnClassCondition)
      - found ConfigurableReactiveWebEnvironment (OnWebApplicationCondition)

   ReactiveWebServerFactoryConfiguration.EmbeddedNetty matched:
      - @ConditionalOnClass found required class 'reactor.netty.http.server.HttpServer' (OnClassCondition)
      - @ConditionalOnMissingBean (types: org.springframework.boot.web.reactive.server.ReactiveWebServerFactory; SearchStrategy: all) did not find any beans (OnBeanCondition)

   ReactorAutoConfiguration matched:
      - @ConditionalOnClass found required class 'reactor.core.publisher.Hooks' (OnClassCondition)

   ReactorNettyConfigurations.ReactorResourceFactoryConfiguration#reactorResourceFactory matched:
      - @ConditionalOnMissingBean (types: org.springframework.http.client.ReactorResourceFactory; SearchStrategy: all) did not find any beans (OnBeanCondition)

   RedisAutoConfiguration matched:
      - @ConditionalOnClass found required class 'org.springframework.data.redis.core.RedisOperations' (OnClassCondition)

   RedisAutoConfiguration#redisConnectionDetails matched:
      - @ConditionalOnMissingBean (types: org.springframework.boot.autoconfigure.data.redis.RedisConnectionDetails; SearchStrategy: all) did not find any beans (OnBeanCondition)

   RedisAutoConfiguration#redisTemplate matched:
      - @ConditionalOnSingleCandidate (types: org.springframework.data.redis.connection.RedisConnectionFactory; SearchStrategy: all) found a single bean 'redisConnectionFactory'; @ConditionalOnMissingBean (names: redisTemplate; SearchStrategy: all) did not find any beans (OnBeanCondition)

   RedisAutoConfiguration#stringRedisTemplate matched:
      - @ConditionalOnSingleCandidate (types: org.springframework.data.redis.connection.RedisConnectionFactory; SearchStrategy: all) found a single bean 'redisConnectionFactory'; @ConditionalOnMissingBean (types: org.springframework.data.redis.core.StringRedisTemplate; SearchStrategy: all) did not find any beans (OnBeanCondition)

   RedisCacheConfiguration matched:
      - @ConditionalOnClass found required class 'org.springframework.data.redis.connection.RedisConnectionFactory' (OnClassCondition)
      - Cache org.springframework.boot.autoconfigure.cache.RedisCacheConfiguration REDIS cache type (CacheCondition)

   RedisHealthContributorAutoConfiguration matched:
      - @ConditionalOnClass found required class 'org.springframework.data.redis.connection.RedisConnectionFactory' (OnClassCondition)
      - @ConditionalOnEnabledHealthIndicator management.health.defaults.enabled is considered true (OnEnabledHealthIndicatorCondition)
      - @ConditionalOnBean (types: org.springframework.data.redis.connection.RedisConnectionFactory; SearchStrategy: all) found bean 'redisConnectionFactory' (OnBeanCondition)

   RedisReactiveAutoConfiguration matched:
      - @ConditionalOnClass found required classes 'org.springframework.data.redis.connection.ReactiveRedisConnectionFactory', 'org.springframework.data.redis.core.ReactiveRedisTemplate', 'reactor.core.publisher.Flux' (OnClassCondition)

   RedisReactiveAutoConfiguration#reactiveStringRedisTemplate matched:
      - @ConditionalOnBean (types: org.springframework.data.redis.connection.ReactiveRedisConnectionFactory; SearchStrategy: all) found bean 'reactiveRedisConnectionFactory'; @ConditionalOnMissingBean (names: reactiveStringRedisTemplate; SearchStrategy: all) did not find any beans (OnBeanCondition)

   RedisReactiveHealthContributorAutoConfiguration matched:
      - @ConditionalOnClass found required classes 'org.springframework.data.redis.connection.ReactiveRedisConnectionFactory', 'reactor.core.publisher.Flux' (OnClassCondition)
      - @ConditionalOnEnabledHealthIndicator management.health.defaults.enabled is considered true (OnEnabledHealthIndicatorCondition)
      - @ConditionalOnBean (types: org.springframework.data.redis.connection.ReactiveRedisConnectionFactory; SearchStrategy: all) found bean 'reactiveRedisConnectionFactory' (OnBeanCondition)

   RedisReactiveHealthContributorAutoConfiguration#redisHealthContributor matched:
      - @ConditionalOnMissingBean (names: redisHealthIndicator,redisHealthContributor; SearchStrategy: all) did not find any beans (OnBeanCondition)

   RedisRepositoriesAutoConfiguration matched:
      - @ConditionalOnClass found required class 'org.springframework.data.redis.repository.configuration.EnableRedisRepositories' (OnClassCondition)
      - @ConditionalOnBooleanProperty (spring.data.redis.repositories.enabled=true) matched (OnPropertyCondition)
      - @ConditionalOnBean (types: org.springframework.data.redis.connection.RedisConnectionFactory; SearchStrategy: all) found bean 'redisConnectionFactory'; @ConditionalOnMissingBean (types: org.springframework.data.redis.repository.support.RedisRepositoryFactoryBean; SearchStrategy: all) did not find any beans (OnBeanCondition)

   RepositoryMetricsAutoConfiguration matched:
      - @ConditionalOnClass found required class 'org.springframework.data.repository.Repository' (OnClassCondition)
      - @ConditionalOnBean (types: io.micrometer.core.instrument.MeterRegistry; SearchStrategy: all) found bean 'prometheusMeterRegistry' (OnBeanCondition)

   RepositoryMetricsAutoConfiguration#metricsRepositoryMethodInvocationListener matched:
      - @ConditionalOnMissingBean (types: org.springframework.boot.actuate.metrics.data.MetricsRepositoryMethodInvocationListener; SearchStrategy: all) did not find any beans (OnBeanCondition)

   RepositoryMetricsAutoConfiguration#repositoryTagsProvider matched:
      - @ConditionalOnMissingBean (types: org.springframework.boot.actuate.metrics.data.RepositoryTagsProvider; SearchStrategy: all) did not find any beans (OnBeanCondition)

   ScheduledTasksObservabilityAutoConfiguration matched:
      - @ConditionalOnClass found required class 'org.springframework.scheduling.concurrent.ThreadPoolTaskScheduler' (OnClassCondition)
      - @ConditionalOnBean (types: io.micrometer.observation.ObservationRegistry; SearchStrategy: all) found bean 'observationRegistry' (OnBeanCondition)

   SqlInitializationAutoConfiguration matched:
      - @ConditionalOnBooleanProperty (spring.sql.init.enabled=true) matched (OnPropertyCondition)
      - NoneNestedConditions 0 matched 1 did not; NestedCondition on SqlInitializationAutoConfiguration.SqlInitializationModeCondition.ModeIsNever @ConditionalOnProperty (spring.sql.init.mode=never) did not find property 'spring.sql.init.mode' (SqlInitializationAutoConfiguration.SqlInitializationModeCondition)

   SslAutoConfiguration#sslBundleRegistry matched:
      - @ConditionalOnMissingBean (types: org.springframework.boot.ssl.SslBundleRegistry,org.springframework.boot.ssl.SslBundles; SearchStrategy: all) did not find any beans (OnBeanCondition)

   SslHealthContributorAutoConfiguration matched:
      - @ConditionalOnEnabledHealthIndicator management.health.defaults.enabled is considered true (OnEnabledHealthIndicatorCondition)

   SslHealthContributorAutoConfiguration#sslHealthIndicator matched:
      - @ConditionalOnMissingBean (names: sslHealthIndicator; SearchStrategy: all) did not find any beans (OnBeanCondition)

   SslHealthContributorAutoConfiguration#sslInfo matched:
      - @ConditionalOnMissingBean (types: org.springframework.boot.info.SslInfo; SearchStrategy: all) did not find any beans (OnBeanCondition)

   SslObservabilityAutoConfiguration matched:
      - @ConditionalOnClass found required class 'io.micrometer.core.instrument.MeterRegistry' (OnClassCondition)
      - @ConditionalOnBean (types: io.micrometer.core.instrument.MeterRegistry,org.springframework.boot.ssl.SslBundles; SearchStrategy: all) found beans 'prometheusMeterRegistry', 'sslBundleRegistry' (OnBeanCondition)

   StartupTimeMetricsListenerAutoConfiguration matched:
      - @ConditionalOnClass found required class 'io.micrometer.core.instrument.MeterRegistry' (OnClassCondition)
      - @ConditionalOnBean (types: io.micrometer.core.instrument.MeterRegistry; SearchStrategy: all) found bean 'prometheusMeterRegistry' (OnBeanCondition)

   StartupTimeMetricsListenerAutoConfiguration#startupTimeMetrics matched:
      - @ConditionalOnMissingBean (types: org.springframework.boot.actuate.metrics.startup.StartupTimeMetricsListener; SearchStrategy: all) did not find any beans (OnBeanCondition)

   SystemMetricsAutoConfiguration matched:
      - @ConditionalOnClass found required class 'io.micrometer.core.instrument.MeterRegistry' (OnClassCondition)
      - @ConditionalOnBean (types: io.micrometer.core.instrument.MeterRegistry; SearchStrategy: all) found bean 'prometheusMeterRegistry' (OnBeanCondition)

   SystemMetricsAutoConfiguration#diskSpaceMetrics matched:
      - @ConditionalOnMissingBean (types: org.springframework.boot.actuate.metrics.system.DiskSpaceMetricsBinder; SearchStrategy: all) did not find any beans (OnBeanCondition)

   SystemMetricsAutoConfiguration#fileDescriptorMetrics matched:
      - @ConditionalOnMissingBean (types: io.micrometer.core.instrument.binder.system.FileDescriptorMetrics; SearchStrategy: all) did not find any beans (OnBeanCondition)

   SystemMetricsAutoConfiguration#processorMetrics matched:
      - @ConditionalOnMissingBean (types: io.micrometer.core.instrument.binder.system.ProcessorMetrics; SearchStrategy: all) did not find any beans (OnBeanCondition)

   SystemMetricsAutoConfiguration#uptimeMetrics matched:
      - @ConditionalOnMissingBean (types: io.micrometer.core.instrument.binder.system.UptimeMetrics; SearchStrategy: all) did not find any beans (OnBeanCondition)

   TaskExecutionAutoConfiguration matched:
      - @ConditionalOnClass found required class 'org.springframework.scheduling.concurrent.ThreadPoolTaskExecutor' (OnClassCondition)

   TaskExecutorConfigurations.AsyncConfigurerConfiguration matched:
      - @ConditionalOnMissingBean (types: org.springframework.scheduling.annotation.AsyncConfigurer; SearchStrategy: all) did not find any beans (OnBeanCondition)

   TaskExecutorConfigurations.AsyncConfigurerConfiguration#applicationTaskExecutorAsyncConfigurer matched:
      - @ConditionalOnMissingBean (types: org.springframework.scheduling.annotation.AsyncConfigurer; SearchStrategy: all) did not find any beans (OnBeanCondition)

   TaskExecutorConfigurations.SimpleAsyncTaskExecutorBuilderConfiguration#simpleAsyncTaskExecutorBuilder matched:
      - @ConditionalOnMissingBean (types: org.springframework.boot.task.SimpleAsyncTaskExecutorBuilder; SearchStrategy: all) did not find any beans (OnBeanCondition)
      - @ConditionalOnThreading found PLATFORM (OnThreadingCondition)

   TaskExecutorConfigurations.TaskExecutorConfiguration matched:
      - AnyNestedCondition 1 matched 1 did not; NestedCondition on TaskExecutorConfigurations.OnExecutorCondition.ModelCondition @ConditionalOnProperty (spring.task.execution.mode=force) did not find property 'spring.task.execution.mode'; NestedCondition on TaskExecutorConfigurations.OnExecutorCondition.ExecutorBeanCondition @ConditionalOnMissingBean (types: java.util.concurrent.Executor; SearchStrategy: all) did not find any beans (TaskExecutorConfigurations.OnExecutorCondition)

   TaskExecutorConfigurations.TaskExecutorConfiguration#applicationTaskExecutor matched:
      - @ConditionalOnThreading found PLATFORM (OnThreadingCondition)

   TaskExecutorConfigurations.ThreadPoolTaskExecutorBuilderConfiguration#threadPoolTaskExecutorBuilder matched:
      - @ConditionalOnMissingBean (types: org.springframework.boot.task.ThreadPoolTaskExecutorBuilder; SearchStrategy: all) did not find any beans (OnBeanCondition)

   TaskExecutorMetricsAutoConfiguration matched:
      - @ConditionalOnClass found required class 'io.micrometer.core.instrument.binder.jvm.ExecutorServiceMetrics' (OnClassCondition)
      - @ConditionalOnBean (types: java.util.concurrent.Executor,io.micrometer.core.instrument.MeterRegistry; SearchStrategy: all) found beans 'prometheusMeterRegistry', 'applicationTaskExecutor' (OnBeanCondition)

   TaskSchedulingAutoConfiguration matched:
      - @ConditionalOnClass found required class 'org.springframework.scheduling.concurrent.ThreadPoolTaskScheduler' (OnClassCondition)

   TaskSchedulingConfigurations.SimpleAsyncTaskSchedulerBuilderConfiguration#simpleAsyncTaskSchedulerBuilder matched:
      - @ConditionalOnMissingBean (types: org.springframework.boot.task.SimpleAsyncTaskSchedulerBuilder; SearchStrategy: all) did not find any beans (OnBeanCondition)
      - @ConditionalOnThreading found PLATFORM (OnThreadingCondition)

   TaskSchedulingConfigurations.ThreadPoolTaskSchedulerBuilderConfiguration#threadPoolTaskSchedulerBuilder matched:
      - @ConditionalOnMissingBean (types: org.springframework.boot.task.ThreadPoolTaskSchedulerBuilder; SearchStrategy: all) did not find any beans (OnBeanCondition)

   TransactionAutoConfiguration matched:
      - @ConditionalOnClass found required class 'org.springframework.transaction.PlatformTransactionManager' (OnClassCondition)

   TransactionAutoConfiguration#transactionalOperator matched:
      - @ConditionalOnSingleCandidate (types: org.springframework.transaction.ReactiveTransactionManager; SearchStrategy: all) found a single bean 'transactionManager'; @ConditionalOnMissingBean (types: org.springframework.transaction.reactive.TransactionalOperator; SearchStrategy: all) did not find any beans (OnBeanCondition)

   TransactionAutoConfiguration.EnableTransactionManagementConfiguration matched:
      - @ConditionalOnBean (types: org.springframework.transaction.TransactionManager; SearchStrategy: all) found bean 'transactionManager'; @ConditionalOnMissingBean (types: org.springframework.transaction.annotation.AbstractTransactionManagementConfiguration; SearchStrategy: all) did not find any beans (OnBeanCondition)

   TransactionAutoConfiguration.EnableTransactionManagementConfiguration.CglibAutoProxyConfiguration matched:
      - @ConditionalOnBooleanProperty (spring.aop.proxy-target-class=true) matched (OnPropertyCondition)

   TransactionManagerCustomizationAutoConfiguration matched:
      - @ConditionalOnClass found required class 'org.springframework.transaction.PlatformTransactionManager' (OnClassCondition)

   TransactionManagerCustomizationAutoConfiguration#platformTransactionManagerCustomizers matched:
      - @ConditionalOnMissingBean (types: org.springframework.boot.autoconfigure.transaction.TransactionManagerCustomizers; SearchStrategy: all) did not find any beans (OnBeanCondition)

   ValidationAutoConfiguration matched:
      - @ConditionalOnClass found required class 'jakarta.validation.executable.ExecutableValidator' (OnClassCondition)
      - @ConditionalOnResource found location classpath:META-INF/services/jakarta.validation.spi.ValidationProvider (OnResourceCondition)

   ValidationAutoConfiguration#defaultValidator matched:
      - @ConditionalOnMissingBean (types: jakarta.validation.Validator; SearchStrategy: all) did not find any beans (OnBeanCondition)

   ValidationAutoConfiguration#methodValidationPostProcessor matched:
      - @ConditionalOnMissingBean (types: org.springframework.validation.beanvalidation.MethodValidationPostProcessor; SearchStrategy: current) did not find any beans (OnBeanCondition)

   WebClientAutoConfiguration matched:
      - @ConditionalOnClass found required class 'org.springframework.web.reactive.function.client.WebClient' (OnClassCondition)

   WebClientAutoConfiguration#webClientBuilder matched:
      - @ConditionalOnMissingBean (types: org.springframework.web.reactive.function.client.WebClient$Builder; SearchStrategy: all) did not find any beans (OnBeanCondition)

   WebClientAutoConfiguration#webClientHttpConnectorCustomizer matched:
      - @ConditionalOnBean (types: org.springframework.http.client.reactive.ClientHttpConnector; SearchStrategy: all) found bean 'clientHttpConnector' (OnBeanCondition)

   WebClientAutoConfiguration#webClientSsl matched:
      - @ConditionalOnBean (types: org.springframework.boot.ssl.SslBundles; SearchStrategy: all) found bean 'sslBundleRegistry'; @ConditionalOnMissingBean (types: org.springframework.boot.autoconfigure.web.reactive.function.client.WebClientSsl; SearchStrategy: all) did not find any beans (OnBeanCondition)

   WebClientAutoConfiguration.WebClientCodecsConfiguration matched:
      - @ConditionalOnBean (types: org.springframework.boot.web.codec.CodecCustomizer; SearchStrategy: all) found beans 'jacksonCodecCustomizer', 'defaultCodecCustomizer', 'defaultPartHttpMessageReaderCustomizer' (OnBeanCondition)

   WebClientAutoConfiguration.WebClientCodecsConfiguration#exchangeStrategiesCustomizer matched:
      - @ConditionalOnMissingBean (types: org.springframework.boot.autoconfigure.web.reactive.function.client.WebClientCodecCustomizer; SearchStrategy: all) did not find any beans (OnBeanCondition)

   WebClientObservationConfiguration matched:
      - @ConditionalOnClass found required class 'org.springframework.web.reactive.function.client.WebClient' (OnClassCondition)

   WebEndpointAutoConfiguration matched:
      - @ConditionalOnWebApplication (required) found ConfigurableReactiveWebEnvironment (OnWebApplicationCondition)

   WebEndpointAutoConfiguration#controllerEndpointDiscoverer matched:
      - @ConditionalOnMissingBean (types: org.springframework.boot.actuate.endpoint.web.annotation.ControllerEndpointsSupplier; SearchStrategy: all) did not find any beans (OnBeanCondition)

   WebEndpointAutoConfiguration#endpointMediaTypes matched:
      - @ConditionalOnMissingBean (types: org.springframework.boot.actuate.endpoint.web.EndpointMediaTypes; SearchStrategy: all) did not find any beans (OnBeanCondition)

   WebEndpointAutoConfiguration#pathMappedEndpoints matched:
      - @ConditionalOnMissingBean (types: org.springframework.boot.actuate.endpoint.web.PathMappedEndpoints; SearchStrategy: all) did not find any beans (OnBeanCondition)

   WebEndpointAutoConfiguration#webEndpointDiscoverer matched:
      - @ConditionalOnMissingBean (types: org.springframework.boot.actuate.endpoint.web.WebEndpointsSupplier; SearchStrategy: all) did not find any beans (OnBeanCondition)

   WebFluxAutoConfiguration matched:
      - @ConditionalOnClass found required class 'org.springframework.web.reactive.config.WebFluxConfigurer' (OnClassCondition)
      - found ConfigurableReactiveWebEnvironment (OnWebApplicationCondition)
      - @ConditionalOnMissingBean (types: org.springframework.web.reactive.config.WebFluxConfigurationSupport; SearchStrategy: all) did not find any beans (OnBeanCondition)

   WebFluxAutoConfiguration.EnableWebFluxConfiguration#localeContextResolver matched:
      - @ConditionalOnMissingBean (names: localeContextResolver; SearchStrategy: all) did not find any beans (OnBeanCondition)

   WebFluxAutoConfiguration.EnableWebFluxConfiguration#webSessionManager matched:
      - @ConditionalOnMissingBean (names: webSessionManager; SearchStrategy: all) did not find any beans (OnBeanCondition)

   WebFluxEndpointManagementContextConfiguration matched:
      - @ConditionalOnClass found required classes 'org.springframework.web.reactive.DispatcherHandler', 'org.springframework.http.server.reactive.HttpHandler' (OnClassCondition)
      - found ConfigurableReactiveWebEnvironment (OnWebApplicationCondition)
      - @ConditionalOnBean (types: org.springframework.boot.actuate.endpoint.web.WebEndpointsSupplier; SearchStrategy: all) found bean 'webEndpointDiscoverer' (OnBeanCondition)

   WebFluxEndpointManagementContextConfiguration#controllerEndpointHandlerMapping matched:
      - @ConditionalOnMissingBean (types: org.springframework.boot.actuate.endpoint.web.reactive.ControllerEndpointHandlerMapping; SearchStrategy: all) did not find any beans (OnBeanCondition)

   WebFluxEndpointManagementContextConfiguration#serverCodecConfigurerEndpointObjectMapperBeanPostProcessor matched:
      - @ConditionalOnBean (types: org.springframework.boot.actuate.endpoint.jackson.EndpointObjectMapper; SearchStrategy: all) found bean 'endpointObjectMapper' (OnBeanCondition)

   WebFluxEndpointManagementContextConfiguration#webEndpointReactiveHandlerMapping matched:
      - @ConditionalOnMissingBean (types: org.springframework.boot.actuate.endpoint.web.reactive.WebFluxEndpointHandlerMapping; SearchStrategy: all) did not find any beans (OnBeanCondition)

   WebFluxObservationAutoConfiguration matched:
      - @ConditionalOnClass found required classes 'io.micrometer.observation.Observation', 'io.micrometer.core.instrument.MeterRegistry' (OnClassCondition)
      - found ConfigurableReactiveWebEnvironment (OnWebApplicationCondition)
      - @ConditionalOnBean (types: io.micrometer.observation.ObservationRegistry,io.micrometer.core.instrument.MeterRegistry; SearchStrategy: all) found beans 'prometheusMeterRegistry', 'observationRegistry' (OnBeanCondition)

   WebFluxObservationAutoConfiguration#defaultServerRequestObservationConvention matched:
      - @ConditionalOnMissingBean (types: org.springframework.http.server.reactive.observation.ServerRequestObservationConvention; SearchStrategy: all) did not find any beans (OnBeanCondition)

   WebSessionIdResolverAutoConfiguration matched:
      - @ConditionalOnClass found required classes 'org.springframework.web.server.session.WebSessionManager', 'reactor.core.publisher.Mono' (OnClassCondition)
      - found ConfigurableReactiveWebEnvironment (OnWebApplicationCondition)

   WebSessionIdResolverAutoConfiguration#webSessionIdResolver matched:
      - @ConditionalOnMissingBean (types: org.springframework.web.server.session.WebSessionIdResolver; SearchStrategy: all) did not find any beans (OnBeanCondition)


Negative matches:
-----------------

   ActiveMQAutoConfiguration:
      Did not match:
         - @ConditionalOnClass did not find required class 'jakarta.jms.ConnectionFactory' (OnClassCondition)

   AopAutoConfiguration.AspectJAutoProxyingConfiguration:
      Did not match:
         - @ConditionalOnClass did not find required class 'org.aspectj.weaver.Advice' (OnClassCondition)

   AppOpticsMetricsExportAutoConfiguration:
      Did not match:
         - @ConditionalOnClass did not find required class 'io.micrometer.appoptics.AppOpticsMeterRegistry' (OnClassCondition)

   ArtemisAutoConfiguration:
      Did not match:
         - @ConditionalOnClass did not find required class 'jakarta.jms.ConnectionFactory' (OnClassCondition)

   AtlasMetricsExportAutoConfiguration:
      Did not match:
         - @ConditionalOnClass did not find required class 'io.micrometer.atlas.AtlasMeterRegistry' (OnClassCondition)

   AuditAutoConfiguration:
      Did not match:
         - @ConditionalOnBean (types: org.springframework.boot.actuate.audit.AuditEventRepository; SearchStrategy: all) did not find any beans of type org.springframework.boot.actuate.audit.AuditEventRepository (OnBeanCondition)
      Matched:
         - @ConditionalOnBooleanProperty (management.auditevents.enabled=true) matched (OnPropertyCondition)

   AuditEventsEndpointAutoConfiguration:
      Did not match:
         - @ConditionalOnAvailableEndpoint not exposed (OnAvailableEndpointCondition)

   AvailabilityHealthContributorAutoConfiguration#livenessStateHealthIndicator:
      Did not match:
         - @ConditionalOnBooleanProperty (management.health.livenessstate.enabled=true) did not find property 'management.health.livenessstate.enabled' (OnPropertyCondition)

   AvailabilityHealthContributorAutoConfiguration#readinessStateHealthIndicator:
      Did not match:
         - @ConditionalOnBooleanProperty (management.health.readinessstate.enabled=true) did not find property 'management.health.readinessstate.enabled' (OnPropertyCondition)

   AvailabilityProbesAutoConfiguration:
      Did not match:
         - Probes availability not running on a supported cloud platform (AvailabilityProbesAutoConfiguration.ProbesCondition)

   BatchAutoConfiguration:
      Did not match:
         - @ConditionalOnClass did not find required class 'org.springframework.batch.core.launch.JobLauncher' (OnClassCondition)

   BatchObservationAutoConfiguration:
      Did not match:
         - @ConditionalOnClass did not find required class 'org.springframework.batch.core.configuration.annotation.BatchObservabilityBeanPostProcessor' (OnClassCondition)

   BeansEndpointAutoConfiguration:
      Did not match:
         - @ConditionalOnAvailableEndpoint not exposed (OnAvailableEndpointCondition)

   BravePropagationConfigurations.NoPropagation#noopPropagationFactory:
      Did not match:
         - @ConditionalOnMissingBean (types: brave.propagation.Propagation$Factory; SearchStrategy: all) found beans of type 'brave.propagation.Propagation$Factory' propagationFactory (OnBeanCondition)

   BravePropagationConfigurations.PropagationWithoutBaggage:
      Did not match:
         - @ConditionalOnBooleanProperty (management.tracing.baggage.enabled=false) did not find property 'management.tracing.baggage.enabled' (OnPropertyCondition)

   Cache2kCacheConfiguration:
      Did not match:
         - @ConditionalOnClass did not find required class 'org.cache2k.Cache2kBuilder' (OnClassCondition)

   CacheAutoConfiguration:
      Did not match:
         - @ConditionalOnMissingBean (names: cacheResolver types: org.springframework.cache.CacheManager; SearchStrategy: all) found beans of type 'org.springframework.cache.CacheManager' cacheManager (OnBeanCondition)
      Matched:
         - @ConditionalOnClass found required class 'org.springframework.cache.CacheManager' (OnClassCondition)

   CacheAutoConfiguration.CacheManagerEntityManagerFactoryDependsOnPostProcessor:
      Did not match:
         - @ConditionalOnClass did not find required class 'org.springframework.orm.jpa.LocalContainerEntityManagerFactoryBean' (OnClassCondition)
         - Ancestor org.springframework.boot.autoconfigure.cache.CacheAutoConfiguration did not match (ConditionEvaluationReport.AncestorsMatchedCondition)

   CacheMeterBinderProvidersConfiguration.Cache2kCacheMeterBinderProviderConfiguration:
      Did not match:
         - @ConditionalOnClass did not find required classes 'org.cache2k.Cache2kBuilder', 'org.cache2k.extra.spring.SpringCache2kCache', 'org.cache2k.extra.micrometer.Cache2kCacheMetrics' (OnClassCondition)

   CacheMeterBinderProvidersConfiguration.CaffeineCacheMeterBinderProviderConfiguration:
      Did not match:
         - @ConditionalOnClass did not find required class 'com.github.benmanes.caffeine.cache.Cache' (OnClassCondition)

   CacheMeterBinderProvidersConfiguration.HazelcastCacheMeterBinderProviderConfiguration:
      Did not match:
         - @ConditionalOnClass did not find required classes 'com.hazelcast.spring.cache.HazelcastCache', 'com.hazelcast.core.Hazelcast' (OnClassCondition)

   CacheMeterBinderProvidersConfiguration.JCacheCacheMeterBinderProviderConfiguration:
      Did not match:
         - @ConditionalOnClass did not find required class 'javax.cache.CacheManager' (OnClassCondition)

   CachesEndpointAutoConfiguration:
      Did not match:
         - @ConditionalOnAvailableEndpoint not exposed (OnAvailableEndpointCondition)
      Matched:
         - @ConditionalOnClass found required class 'org.springframework.cache.CacheManager' (OnClassCondition)

   CaffeineCacheConfiguration:
      Did not match:
         - @ConditionalOnClass did not find required class 'com.github.benmanes.caffeine.cache.Caffeine' (OnClassCondition)

   CassandraAutoConfiguration:
      Did not match:
         - @ConditionalOnClass did not find required class 'com.datastax.oss.driver.api.core.CqlSession' (OnClassCondition)

   CassandraDataAutoConfiguration:
      Did not match:
         - @ConditionalOnClass did not find required class 'com.datastax.oss.driver.api.core.CqlSession' (OnClassCondition)

   CassandraHealthContributorAutoConfiguration:
      Did not match:
         - @ConditionalOnClass did not find required class 'com.datastax.oss.driver.api.core.CqlSession' (OnClassCondition)

   CassandraReactiveDataAutoConfiguration:
      Did not match:
         - @ConditionalOnClass did not find required class 'com.datastax.oss.driver.api.core.CqlSession' (OnClassCondition)

   CassandraReactiveHealthContributorAutoConfiguration:
      Did not match:
         - @ConditionalOnClass did not find required class 'com.datastax.oss.driver.api.core.CqlSession' (OnClassCondition)

   CassandraReactiveRepositoriesAutoConfiguration:
      Did not match:
         - @ConditionalOnClass did not find required class 'org.springframework.data.cassandra.ReactiveSession' (OnClassCondition)

   CassandraRepositoriesAutoConfiguration:
      Did not match:
         - @ConditionalOnClass did not find required class 'com.datastax.oss.driver.api.core.CqlSession' (OnClassCondition)

   CloudFoundryActuatorAutoConfiguration:
      Did not match:
         - @ConditionalOnClass did not find required class 'org.springframework.web.servlet.DispatcherServlet' (OnClassCondition)

   CompositeMeterRegistryConfiguration:
      Did not match:
         - NoneNestedConditions 1 matched 1 did not; NestedCondition on CompositeMeterRegistryConfiguration.MultipleNonPrimaryMeterRegistriesCondition.SingleInjectableMeterRegistry @ConditionalOnSingleCandidate (types: io.micrometer.core.instrument.MeterRegistry; SearchStrategy: all) found a single bean 'prometheusMeterRegistry'; NestedCondition on CompositeMeterRegistryConfiguration.MultipleNonPrimaryMeterRegistriesCondition.NoMeterRegistryCondition @ConditionalOnMissingBean (types: io.micrometer.core.instrument.MeterRegistry; SearchStrategy: all) found beans of type 'io.micrometer.core.instrument.MeterRegistry' prometheusMeterRegistry (CompositeMeterRegistryConfiguration.MultipleNonPrimaryMeterRegistriesCondition)

   ConditionsReportEndpointAutoConfiguration:
      Did not match:
         - @ConditionalOnAvailableEndpoint not exposed (OnAvailableEndpointCondition)

   ConfigurationPropertiesReportEndpointAutoConfiguration:
      Did not match:
         - @ConditionalOnAvailableEndpoint not exposed (OnAvailableEndpointCondition)

   ConnectionFactoryConfigurations.GenericConfiguration:
      Did not match:
         - @ConditionalOnMissingBean (types: io.r2dbc.spi.ConnectionFactory; SearchStrategy: all) found beans of type 'io.r2dbc.spi.ConnectionFactory' connectionFactory (OnBeanCondition)
      Matched:
         - @ConditionalOnBooleanProperty (spring.r2dbc.pool.enabled=false) matched (OnPropertyCondition)

   ConnectionFactoryConfigurations.PoolConfiguration:
      Did not match:
         - @ConditionalOnMissingBean (types: io.r2dbc.spi.ConnectionFactory; SearchStrategy: all) found beans of type 'io.r2dbc.spi.ConnectionFactory' connectionFactory (OnBeanCondition)
      Matched:
         - Property-based pooling is enabled (ConnectionFactoryConfigurations.PooledConnectionFactoryCondition)

   ConnectionFactoryConfigurations.PoolConfiguration.PooledConnectionFactoryConfiguration:
      Did not match:
         - Ancestor org.springframework.boot.autoconfigure.r2dbc.ConnectionFactoryConfigurations$PoolConfiguration did not match (ConditionEvaluationReport.AncestorsMatchedCondition)
      Matched:
         - @ConditionalOnClass found required class 'io.r2dbc.pool.ConnectionPool' (OnClassCondition)

   ConnectionFactoryDependentConfiguration#r2dbcDatabaseClient:
      Did not match:
         - @ConditionalOnMissingBean (types: org.springframework.r2dbc.core.DatabaseClient; SearchStrategy: all) found beans of type 'org.springframework.r2dbc.core.DatabaseClient' r2dbcDatabaseClient (OnBeanCondition)

   CouchbaseAutoConfiguration:
      Did not match:
         - @ConditionalOnClass did not find required class 'com.couchbase.client.java.Cluster' (OnClassCondition)

   CouchbaseCacheConfiguration:
      Did not match:
         - @ConditionalOnClass did not find required class 'com.couchbase.client.java.Cluster' (OnClassCondition)

   CouchbaseDataAutoConfiguration:
      Did not match:
         - @ConditionalOnClass did not find required class 'com.couchbase.client.java.Bucket' (OnClassCondition)

   CouchbaseHealthContributorAutoConfiguration:
      Did not match:
         - @ConditionalOnClass did not find required class 'com.couchbase.client.java.Cluster' (OnClassCondition)

   CouchbaseReactiveDataAutoConfiguration:
      Did not match:
         - @ConditionalOnClass did not find required class 'com.couchbase.client.java.Cluster' (OnClassCondition)

   CouchbaseReactiveHealthContributorAutoConfiguration:
      Did not match:
         - @ConditionalOnClass did not find required class 'com.couchbase.client.java.Cluster' (OnClassCondition)

   CouchbaseReactiveRepositoriesAutoConfiguration:
      Did not match:
         - @ConditionalOnClass did not find required class 'com.couchbase.client.java.Cluster' (OnClassCondition)

   CouchbaseRepositoriesAutoConfiguration:
      Did not match:
         - @ConditionalOnClass did not find required class 'com.couchbase.client.java.Bucket' (OnClassCondition)

   DataSourceAutoConfiguration:
      Did not match:
         - @ConditionalOnMissingBean (types: io.r2dbc.spi.ConnectionFactory; SearchStrategy: all) found beans of type 'io.r2dbc.spi.ConnectionFactory' connectionFactory (OnBeanCondition)
      Matched:
         - @ConditionalOnClass found required classes 'javax.sql.DataSource', 'org.springframework.jdbc.datasource.embedded.EmbeddedDatabaseType' (OnClassCondition)

   DataSourceAutoConfiguration.EmbeddedDatabaseConfiguration:
      Did not match:
         - EmbeddedDataSource did not find embedded database (DataSourceAutoConfiguration.EmbeddedDatabaseCondition)
         - Ancestor org.springframework.boot.autoconfigure.jdbc.DataSourceAutoConfiguration did not match (ConditionEvaluationReport.AncestorsMatchedCondition)

   DataSourceAutoConfiguration.PooledDataSourceConfiguration:
      Did not match:
         - AnyNestedCondition 0 matched 2 did not; NestedCondition on DataSourceAutoConfiguration.PooledDataSourceCondition.PooledDataSourceAvailable PooledDataSource did not find supported DataSource; NestedCondition on DataSourceAutoConfiguration.PooledDataSourceCondition.ExplicitType @ConditionalOnProperty (spring.datasource.type) did not find property 'spring.datasource.type' (DataSourceAutoConfiguration.PooledDataSourceCondition)
         - Ancestor org.springframework.boot.autoconfigure.jdbc.DataSourceAutoConfiguration did not match (ConditionEvaluationReport.AncestorsMatchedCondition)

   DataSourceCheckpointRestoreConfiguration:
      Did not match:
         - @ConditionalOnClass did not find required class 'org.crac.Resource' (OnClassCondition)

   DataSourceHealthContributorAutoConfiguration:
      Did not match:
         - @ConditionalOnBean (types: javax.sql.DataSource; SearchStrategy: all) did not find any beans of type javax.sql.DataSource (OnBeanCondition)
      Matched:
         - @ConditionalOnClass found required classes 'org.springframework.jdbc.core.JdbcTemplate', 'org.springframework.jdbc.datasource.lookup.AbstractRoutingDataSource' (OnClassCondition)
         - @ConditionalOnEnabledHealthIndicator management.health.defaults.enabled is considered true (OnEnabledHealthIndicatorCondition)

   DataSourceInitializationConfiguration:
      Did not match:
         - @ConditionalOnSingleCandidate (types: javax.sql.DataSource; SearchStrategy: all) did not find any beans (OnBeanCondition)
      Matched:
         - @ConditionalOnClass found required class 'org.springframework.jdbc.datasource.init.DatabasePopulator' (OnClassCondition)

   DataSourcePoolMetadataProvidersConfiguration.CommonsDbcp2PoolDataSourceMetadataProviderConfiguration:
      Did not match:
         - @ConditionalOnClass did not find required class 'org.apache.commons.dbcp2.BasicDataSource' (OnClassCondition)

   DataSourcePoolMetadataProvidersConfiguration.HikariPoolDataSourceMetadataProviderConfiguration:
      Did not match:
         - @ConditionalOnClass did not find required class 'com.zaxxer.hikari.HikariDataSource' (OnClassCondition)

   DataSourcePoolMetadataProvidersConfiguration.OracleUcpPoolDataSourceMetadataProviderConfiguration:
      Did not match:
         - @ConditionalOnClass did not find required classes 'oracle.ucp.jdbc.PoolDataSource', 'oracle.jdbc.OracleConnection' (OnClassCondition)

   DataSourcePoolMetadataProvidersConfiguration.TomcatDataSourcePoolMetadataProviderConfiguration:
      Did not match:
         - @ConditionalOnClass did not find required class 'org.apache.tomcat.jdbc.pool.DataSource' (OnClassCondition)

   DataSourcePoolMetricsAutoConfiguration:
      Did not match:
         - @ConditionalOnBean (types: javax.sql.DataSource,io.micrometer.core.instrument.MeterRegistry; SearchStrategy: all) did not find any beans of type javax.sql.DataSource (OnBeanCondition)
      Matched:
         - @ConditionalOnClass found required classes 'javax.sql.DataSource', 'io.micrometer.core.instrument.MeterRegistry' (OnClassCondition)

   DataSourcePoolMetricsAutoConfiguration.HikariDataSourceMetricsConfiguration:
      Did not match:
         - @ConditionalOnClass did not find required class 'com.zaxxer.hikari.HikariDataSource' (OnClassCondition)
         - Ancestor org.springframework.boot.actuate.autoconfigure.metrics.jdbc.DataSourcePoolMetricsAutoConfiguration did not match (ConditionEvaluationReport.AncestorsMatchedCondition)

   DataSourceTransactionManagerAutoConfiguration.JdbcTransactionManagerConfiguration:
      Did not match:
         - @ConditionalOnSingleCandidate (types: javax.sql.DataSource; SearchStrategy: all) did not find any beans (OnBeanCondition)

   DatadogMetricsExportAutoConfiguration:
      Did not match:
         - @ConditionalOnClass did not find required class 'io.micrometer.datadog.DatadogMeterRegistry' (OnClassCondition)

   DispatcherServletAutoConfiguration:
      Did not match:
         - @ConditionalOnClass did not find required class 'org.springframework.web.servlet.DispatcherServlet' (OnClassCondition)

   DynatraceMetricsExportAutoConfiguration:
      Did not match:
         - @ConditionalOnClass did not find required class 'io.micrometer.dynatrace.DynatraceMeterRegistry' (OnClassCondition)

   ElasticMetricsExportAutoConfiguration:
      Did not match:
         - @ConditionalOnClass did not find required class 'io.micrometer.elastic.ElasticMeterRegistry' (OnClassCondition)

   ElasticsearchClientConfigurations.ElasticsearchTransportConfiguration:
      Did not match:
         - @ConditionalOnMissingBean (types: co.elastic.clients.transport.ElasticsearchTransport; SearchStrategy: all) found beans of type 'co.elastic.clients.transport.ElasticsearchTransport' elasticsearchTransport (OnBeanCondition)

   ElasticsearchClientConfigurations.JacksonJsonpMapperConfiguration:
      Did not match:
         - @ConditionalOnMissingBean (types: co.elastic.clients.json.JsonpMapper; SearchStrategy: all) found beans of type 'co.elastic.clients.json.JsonpMapper' jsonpMapper (OnBeanCondition)
      Matched:
         - @ConditionalOnClass found required class 'com.fasterxml.jackson.databind.ObjectMapper' (OnClassCondition)

   ElasticsearchClientConfigurations.JsonbJsonpMapperConfiguration:
      Did not match:
         - @ConditionalOnBean did not find required type 'jakarta.json.bind.Jsonb' (OnBeanCondition)
         - @ConditionalOnBean (types: ?; SearchStrategy: all) did not find any beans of type ? (OnBeanCondition)

   ElasticsearchClientConfigurations.SimpleJsonpMapperConfiguration:
      Did not match:
         - @ConditionalOnMissingBean (types: co.elastic.clients.json.JsonpMapper; SearchStrategy: all) found beans of type 'co.elastic.clients.json.JsonpMapper' jsonpMapper (OnBeanCondition)

   ElasticsearchDataConfiguration.BaseConfiguration#elasticsearchConverter:
      Did not match:
         - @ConditionalOnMissingBean (types: org.springframework.data.elasticsearch.core.convert.ElasticsearchConverter; SearchStrategy: all) found beans of type 'org.springframework.data.elasticsearch.core.convert.ElasticsearchConverter' elasticsearchEntityMapper (OnBeanCondition)

   ElasticsearchDataConfiguration.BaseConfiguration#elasticsearchCustomConversions:
      Did not match:
         - @ConditionalOnMissingBean (types: org.springframework.data.elasticsearch.core.convert.ElasticsearchCustomConversions; SearchStrategy: all) found beans of type 'org.springframework.data.elasticsearch.core.convert.ElasticsearchCustomConversions' elasticsearchCustomConversions (OnBeanCondition)

   ElasticsearchDataConfiguration.BaseConfiguration#elasticsearchMappingContext:
      Did not match:
         - @ConditionalOnMissingBean (types: org.springframework.data.elasticsearch.core.mapping.SimpleElasticsearchMappingContext; SearchStrategy: all) found beans of type 'org.springframework.data.elasticsearch.core.mapping.SimpleElasticsearchMappingContext' elasticsearchMappingContext (OnBeanCondition)

   ElasticsearchDataConfiguration.ReactiveRestClientConfiguration#reactiveElasticsearchTemplate:
      Did not match:
         - @ConditionalOnMissingBean (names: reactiveElasticsearchTemplate types: org.springframework.data.elasticsearch.core.ReactiveElasticsearchOperations; SearchStrategy: all) found beans of type 'org.springframework.data.elasticsearch.core.ReactiveElasticsearchOperations' reactiveElasticsearchOperations and found beans named reactiveElasticsearchTemplate (OnBeanCondition)

   ElasticsearchRestClientConfigurations.RestClientConfiguration:
      Did not match:
         - @ConditionalOnMissingBean (types: org.elasticsearch.client.RestClient; SearchStrategy: all) found beans of type 'org.elasticsearch.client.RestClient' elasticsearchRestClient (OnBeanCondition)

   ElasticsearchRestClientConfigurations.RestClientSnifferConfiguration:
      Did not match:
         - @ConditionalOnClass did not find required class 'org.elasticsearch.client.sniff.Sniffer' (OnClassCondition)

   ElasticsearchRestHealthContributorAutoConfiguration#elasticsearchHealthContributor:
      Did not match:
         - @ConditionalOnMissingBean (names: elasticsearchHealthIndicator,elasticsearchHealthContributor; SearchStrategy: all) found beans named elasticsearchHealthContributor (OnBeanCondition)

   EmbeddedLdapAutoConfiguration:
      Did not match:
         - @ConditionalOnClass did not find required class 'com.unboundid.ldap.listener.InMemoryDirectoryServer' (OnClassCondition)

   EmbeddedWebServerFactoryCustomizerAutoConfiguration.JettyWebServerFactoryCustomizerConfiguration:
      Did not match:
         - @ConditionalOnClass did not find required classes 'org.eclipse.jetty.server.Server', 'org.eclipse.jetty.util.Loader', 'org.eclipse.jetty.ee10.webapp.WebAppContext' (OnClassCondition)

   EmbeddedWebServerFactoryCustomizerAutoConfiguration.TomcatWebServerFactoryCustomizerConfiguration:
      Did not match:
         - @ConditionalOnClass did not find required classes 'org.apache.catalina.startup.Tomcat', 'org.apache.coyote.UpgradeProtocol' (OnClassCondition)

   EmbeddedWebServerFactoryCustomizerAutoConfiguration.UndertowWebServerFactoryCustomizerConfiguration:
      Did not match:
         - @ConditionalOnClass did not find required classes 'io.undertow.Undertow', 'org.xnio.SslClientAuthMode' (OnClassCondition)

   EnvironmentEndpointAutoConfiguration:
      Did not match:
         - @ConditionalOnAvailableEndpoint not exposed (OnAvailableEndpointCondition)

   ErrorMvcAutoConfiguration:
      Did not match:
         - @ConditionalOnClass did not find required class 'jakarta.servlet.Servlet' (OnClassCondition)

   FlywayAutoConfiguration:
      Did not match:
         - @ConditionalOnClass did not find required class 'org.flywaydb.core.Flyway' (OnClassCondition)

   FlywayEndpointAutoConfiguration:
      Did not match:
         - @ConditionalOnClass did not find required class 'org.flywaydb.core.Flyway' (OnClassCondition)

   FreeMarkerAutoConfiguration:
      Did not match:
         - @ConditionalOnClass did not find required class 'freemarker.template.Configuration' (OnClassCondition)

   GangliaMetricsExportAutoConfiguration:
      Did not match:
         - @ConditionalOnClass did not find required class 'io.micrometer.ganglia.GangliaMeterRegistry' (OnClassCondition)

   GenericCacheConfiguration:
      Did not match:
         - Cache org.springframework.boot.autoconfigure.cache.GenericCacheConfiguration unknown cache type (CacheCondition)

   GraphQlAutoConfiguration:
      Did not match:
         - @ConditionalOnClass did not find required class 'graphql.GraphQL' (OnClassCondition)

   GraphQlObservationAutoConfiguration:
      Did not match:
         - @ConditionalOnClass did not find required class 'graphql.GraphQL' (OnClassCondition)

   GraphQlQueryByExampleAutoConfiguration:
      Did not match:
         - @ConditionalOnClass did not find required class 'graphql.GraphQL' (OnClassCondition)

   GraphQlQuerydslAutoConfiguration:
      Did not match:
         - @ConditionalOnClass did not find required class 'com.querydsl.core.Query' (OnClassCondition)

   GraphQlRSocketAutoConfiguration:
      Did not match:
         - @ConditionalOnClass did not find required class 'graphql.GraphQL' (OnClassCondition)

   GraphQlReactiveQueryByExampleAutoConfiguration:
      Did not match:
         - @ConditionalOnClass did not find required class 'graphql.GraphQL' (OnClassCondition)

   GraphQlReactiveQuerydslAutoConfiguration:
      Did not match:
         - @ConditionalOnClass did not find required class 'com.querydsl.core.Query' (OnClassCondition)

   GraphQlWebFluxAutoConfiguration:
      Did not match:
         - @ConditionalOnClass did not find required class 'graphql.GraphQL' (OnClassCondition)

   GraphQlWebFluxSecurityAutoConfiguration:
      Did not match:
         - @ConditionalOnClass did not find required class 'graphql.GraphQL' (OnClassCondition)

   GraphQlWebMvcAutoConfiguration:
      Did not match:
         - @ConditionalOnClass did not find required class 'graphql.GraphQL' (OnClassCondition)

   GraphQlWebMvcSecurityAutoConfiguration:
      Did not match:
         - @ConditionalOnClass did not find required class 'graphql.GraphQL' (OnClassCondition)

   GraphiteMetricsExportAutoConfiguration:
      Did not match:
         - @ConditionalOnClass did not find required class 'io.micrometer.graphite.GraphiteMeterRegistry' (OnClassCondition)

   GroovyTemplateAutoConfiguration:
      Did not match:
         - @ConditionalOnClass did not find required class 'groovy.text.markup.MarkupTemplateEngine' (OnClassCondition)

   GsonAutoConfiguration:
      Did not match:
         - @ConditionalOnClass did not find required class 'com.google.gson.Gson' (OnClassCondition)

   H2ConsoleAutoConfiguration:
      Did not match:
         - @ConditionalOnClass did not find required class 'org.h2.server.web.JakartaWebServlet' (OnClassCondition)

   HazelcastAutoConfiguration:
      Did not match:
         - @ConditionalOnClass did not find required class 'com.hazelcast.core.HazelcastInstance' (OnClassCondition)

   HazelcastCacheConfiguration:
      Did not match:
         - @ConditionalOnClass did not find required class 'com.hazelcast.core.HazelcastInstance' (OnClassCondition)

   HazelcastHealthContributorAutoConfiguration:
      Did not match:
         - @ConditionalOnClass did not find required class 'com.hazelcast.core.HazelcastInstance' (OnClassCondition)

   HazelcastJpaDependencyAutoConfiguration:
      Did not match:
         - @ConditionalOnClass did not find required class 'com.hazelcast.core.HazelcastInstance' (OnClassCondition)

   HealthEndpointWebExtensionConfiguration:
      Did not match:
         - not a servlet web application (OnWebApplicationCondition)

   HeapDumpWebEndpointAutoConfiguration:
      Did not match:
         - @ConditionalOnAvailableEndpoint the configured access for endpoint 'heapdump' is NONE (OnAvailableEndpointCondition)

   HibernateJpaAutoConfiguration:
      Did not match:
         - @ConditionalOnClass did not find required class 'jakarta.persistence.EntityManager' (OnClassCondition)

   HibernateMetricsAutoConfiguration:
      Did not match:
         - @ConditionalOnClass did not find required class 'jakarta.persistence.EntityManagerFactory' (OnClassCondition)

   HttpClientAutoConfiguration:
      Did not match:
         - NoneNestedConditions 1 matched 0 did not; NestedCondition on NotReactiveWebApplicationCondition.ReactiveWebApplication found ConfigurableReactiveWebEnvironment (NotReactiveWebApplicationCondition)
      Matched:
         - @ConditionalOnClass found required class 'org.springframework.http.client.ClientHttpRequestFactory' (OnClassCondition)

   HttpEncodingAutoConfiguration:
      Did not match:
         - @ConditionalOnClass did not find required class 'org.springframework.web.filter.CharacterEncodingFilter' (OnClassCondition)

   HttpExchangesAutoConfiguration:
      Did not match:
         - @ConditionalOnBean (types: org.springframework.boot.actuate.web.exchanges.HttpExchangeRepository; SearchStrategy: all) did not find any beans of type org.springframework.boot.actuate.web.exchanges.HttpExchangeRepository (OnBeanCondition)
      Matched:
         - @ConditionalOnWebApplication (required) found ConfigurableReactiveWebEnvironment (OnWebApplicationCondition)
         - @ConditionalOnBooleanProperty (management.httpexchanges.recording.enabled=true) matched (OnPropertyCondition)

   HttpExchangesAutoConfiguration.ReactiveHttpExchangesConfiguration:
      Did not match:
         - Ancestor org.springframework.boot.actuate.autoconfigure.web.exchanges.HttpExchangesAutoConfiguration did not match (ConditionEvaluationReport.AncestorsMatchedCondition)
      Matched:
         - found ConfigurableReactiveWebEnvironment (OnWebApplicationCondition)

   HttpExchangesAutoConfiguration.ServletHttpExchangesConfiguration:
      Did not match:
         - not a servlet web application (OnWebApplicationCondition)
         - Ancestor org.springframework.boot.actuate.autoconfigure.web.exchanges.HttpExchangesAutoConfiguration did not match (ConditionEvaluationReport.AncestorsMatchedCondition)

   HttpExchangesEndpointAutoConfiguration:
      Did not match:
         - @ConditionalOnAvailableEndpoint not exposed (OnAvailableEndpointCondition)

   HttpMessageConvertersAutoConfiguration:
      Did not match:
         - NoneNestedConditions 1 matched 0 did not; NestedCondition on HttpMessageConvertersAutoConfiguration.NotReactiveWebApplicationCondition.ReactiveWebApplication found ConfigurableReactiveWebEnvironment (HttpMessageConvertersAutoConfiguration.NotReactiveWebApplicationCondition)
      Matched:
         - @ConditionalOnClass found required class 'org.springframework.http.converter.HttpMessageConverter' (OnClassCondition)

   HumioMetricsExportAutoConfiguration:
      Did not match:
         - @ConditionalOnClass did not find required class 'io.micrometer.humio.HumioMeterRegistry' (OnClassCondition)

   HypermediaAutoConfiguration:
      Did not match:
         - @ConditionalOnClass did not find required class 'org.springframework.hateoas.EntityModel' (OnClassCondition)

   InfinispanCacheConfiguration:
      Did not match:
         - @ConditionalOnClass did not find required class 'org.infinispan.spring.embedded.provider.SpringEmbeddedCacheManager' (OnClassCondition)

   InfluxMetricsExportAutoConfiguration:
      Did not match:
         - @ConditionalOnClass did not find required class 'io.micrometer.influx.InfluxMeterRegistry' (OnClassCondition)

   InfoContributorAutoConfiguration#buildInfoContributor:
      Did not match:
         - @ConditionalOnSingleCandidate (types: org.springframework.boot.info.BuildProperties; SearchStrategy: all) did not find any beans (OnBeanCondition)
      Matched:
         - @ConditionalOnEnabledInfoContributor management.info.defaults.enabled is considered true (OnEnabledInfoContributorCondition)

   InfoContributorAutoConfiguration#envInfoContributor:
      Did not match:
         - @ConditionalOnEnabledInfoContributor management.info.env.enabled is not true (OnEnabledInfoContributorCondition)

   InfoContributorAutoConfiguration#gitInfoContributor:
      Did not match:
         - @ConditionalOnSingleCandidate (types: org.springframework.boot.info.GitProperties; SearchStrategy: all) did not find any beans (OnBeanCondition)
      Matched:
         - @ConditionalOnEnabledInfoContributor management.info.defaults.enabled is considered true (OnEnabledInfoContributorCondition)

   InfoContributorAutoConfiguration#javaInfoContributor:
      Did not match:
         - @ConditionalOnEnabledInfoContributor management.info.java.enabled is not true (OnEnabledInfoContributorCondition)

   InfoContributorAutoConfiguration#osInfoContributor:
      Did not match:
         - @ConditionalOnEnabledInfoContributor management.info.os.enabled is not true (OnEnabledInfoContributorCondition)

   InfoContributorAutoConfiguration#processInfoContributor:
      Did not match:
         - @ConditionalOnEnabledInfoContributor management.info.process.enabled is not true (OnEnabledInfoContributorCondition)

   InfoContributorAutoConfiguration#sslInfo:
      Did not match:
         - @ConditionalOnEnabledInfoContributor management.info.ssl.enabled is not true (OnEnabledInfoContributorCondition)
      Matched:
         - @ConditionalOnMissingBean (types: org.springframework.boot.info.SslInfo; SearchStrategy: all) did not find any beans (OnBeanCondition)

   InfoContributorAutoConfiguration#sslInfoContributor:
      Did not match:
         - @ConditionalOnEnabledInfoContributor management.info.ssl.enabled is not true (OnEnabledInfoContributorCondition)

   IntegrationAutoConfiguration:
      Did not match:
         - @ConditionalOnClass did not find required class 'org.springframework.integration.config.EnableIntegration' (OnClassCondition)

   IntegrationGraphEndpointAutoConfiguration:
      Did not match:
         - @ConditionalOnClass did not find required class 'org.springframework.integration.graph.IntegrationGraphServer' (OnClassCondition)

   JCacheCacheConfiguration:
      Did not match:
         - @ConditionalOnClass did not find required class 'javax.cache.Caching' (OnClassCondition)

   JdbcClientAutoConfiguration:
      Did not match:
         - @ConditionalOnSingleCandidate (types: org.springframework.jdbc.core.namedparam.NamedParameterJdbcTemplate; SearchStrategy: all) did not find any beans (OnBeanCondition)

   JdbcRepositoriesAutoConfiguration:
      Did not match:
         - @ConditionalOnClass did not find required class 'org.springframework.data.jdbc.repository.config.AbstractJdbcConfiguration' (OnClassCondition)

   JdbcTemplateAutoConfiguration:
      Did not match:
         - @ConditionalOnSingleCandidate (types: javax.sql.DataSource; SearchStrategy: all) did not find any beans (OnBeanCondition)
      Matched:
         - @ConditionalOnClass found required classes 'javax.sql.DataSource', 'org.springframework.jdbc.core.JdbcTemplate' (OnClassCondition)

   JedisConnectionConfiguration:
      Did not match:
         - @ConditionalOnClass did not find required classes 'org.apache.commons.pool2.impl.GenericObjectPool', 'redis.clients.jedis.Jedis' (OnClassCondition)

   JerseyAutoConfiguration:
      Did not match:
         - @ConditionalOnClass did not find required class 'jakarta.servlet.ServletRegistration' (OnClassCondition)

   JerseySameManagementContextConfiguration:
      Did not match:
         - @ConditionalOnClass did not find required class 'org.glassfish.jersey.server.ResourceConfig' (OnClassCondition)

   JerseyServerMetricsAutoConfiguration:
      Did not match:
         - @ConditionalOnClass did not find required class 'org.glassfish.jersey.micrometer.server.ObservationApplicationEventListener' (OnClassCondition)

   JerseyWebEndpointManagementContextConfiguration:
      Did not match:
         - @ConditionalOnClass did not find required class 'org.glassfish.jersey.server.ResourceConfig' (OnClassCondition)

   JettyMetricsAutoConfiguration:
      Did not match:
         - @ConditionalOnClass did not find required class 'org.eclipse.jetty.server.Server' (OnClassCondition)

   JmsAutoConfiguration:
      Did not match:
         - @ConditionalOnClass did not find required class 'jakarta.jms.Message' (OnClassCondition)

   JmsHealthContributorAutoConfiguration:
      Did not match:
         - @ConditionalOnClass did not find required class 'jakarta.jms.ConnectionFactory' (OnClassCondition)

   JmxAutoConfiguration:
      Did not match:
         - @ConditionalOnBooleanProperty (spring.jmx.enabled=true) did not find property 'spring.jmx.enabled' (OnPropertyCondition)
      Matched:
         - @ConditionalOnClass found required class 'org.springframework.jmx.export.MBeanExporter' (OnClassCondition)

   JmxEndpointAutoConfiguration:
      Did not match:
         - @ConditionalOnBooleanProperty (spring.jmx.enabled=true) did not find property 'spring.jmx.enabled' (OnPropertyCondition)

   JmxMetricsExportAutoConfiguration:
      Did not match:
         - @ConditionalOnClass did not find required class 'io.micrometer.jmx.JmxMeterRegistry' (OnClassCondition)

   JndiConnectionFactoryAutoConfiguration:
      Did not match:
         - @ConditionalOnClass did not find required class 'org.springframework.jms.core.JmsTemplate' (OnClassCondition)

   JndiDataSourceAutoConfiguration:
      Did not match:
         - @ConditionalOnProperty (spring.datasource.jndi-name) did not find property 'spring.datasource.jndi-name' (OnPropertyCondition)
      Matched:
         - @ConditionalOnClass found required classes 'javax.sql.DataSource', 'org.springframework.jdbc.datasource.embedded.EmbeddedDatabaseType' (OnClassCondition)

   JooqAutoConfiguration:
      Did not match:
         - @ConditionalOnClass did not find required class 'org.jooq.DSLContext' (OnClassCondition)

   JpaRepositoriesAutoConfiguration:
      Did not match:
         - @ConditionalOnClass did not find required class 'org.springframework.data.jpa.repository.JpaRepository' (OnClassCondition)

   JsonbAutoConfiguration:
      Did not match:
         - @ConditionalOnClass did not find required class 'jakarta.json.bind.Jsonb' (OnClassCondition)

   JtaAutoConfiguration:
      Did not match:
         - @ConditionalOnClass did not find required class 'jakarta.transaction.Transaction' (OnClassCondition)

   JvmMetricsAutoConfiguration#virtualThreadMetrics:
      Did not match:
         - @ConditionalOnClass did not find required class 'io.micrometer.java21.instrument.binder.jdk.VirtualThreadMetrics' (OnClassCondition)

   KafkaAutoConfiguration:
      Did not match:
         - @ConditionalOnClass did not find required class 'org.springframework.kafka.core.KafkaTemplate' (OnClassCondition)

   KafkaMetricsAutoConfiguration:
      Did not match:
         - @ConditionalOnClass did not find required class 'org.springframework.kafka.core.ProducerFactory' (OnClassCondition)

   KairosMetricsExportAutoConfiguration:
      Did not match:
         - @ConditionalOnClass did not find required class 'io.micrometer.kairos.KairosMeterRegistry' (OnClassCondition)

   LdapAutoConfiguration:
      Did not match:
         - @ConditionalOnClass did not find required class 'org.springframework.ldap.core.ContextSource' (OnClassCondition)

   LdapHealthContributorAutoConfiguration:
      Did not match:
         - @ConditionalOnClass did not find required class 'org.springframework.ldap.core.LdapOperations' (OnClassCondition)

   LdapRepositoriesAutoConfiguration:
      Did not match:
         - @ConditionalOnClass did not find required class 'org.springframework.data.ldap.repository.LdapRepository' (OnClassCondition)

   LettuceConnectionConfiguration#redisConnectionFactory:
      Did not match:
         - @ConditionalOnMissingBean (types: org.springframework.data.redis.connection.RedisConnectionFactory; SearchStrategy: all) found beans of type 'org.springframework.data.redis.connection.RedisConnectionFactory' redisConnectionFactory (OnBeanCondition)

   LettuceConnectionConfiguration#redisConnectionFactoryVirtualThreads:
      Did not match:
         - @ConditionalOnMissingBean (types: org.springframework.data.redis.connection.RedisConnectionFactory; SearchStrategy: all) found beans of type 'org.springframework.data.redis.connection.RedisConnectionFactory' redisConnectionFactory (OnBeanCondition)

   LiquibaseAutoConfiguration:
      Did not match:
         - @ConditionalOnClass did not find required class 'liquibase.change.DatabaseChange' (OnClassCondition)

   LiquibaseEndpointAutoConfiguration:
      Did not match:
         - @ConditionalOnClass did not find required class 'liquibase.integration.spring.SpringLiquibase' (OnClassCondition)

   Log4J2MetricsAutoConfiguration:
      Did not match:
         - @ConditionalOnClass did not find required class 'org.apache.logging.log4j.core.LoggerContext' (OnClassCondition)

   LogFileWebEndpointAutoConfiguration:
      Did not match:
         - @ConditionalOnAvailableEndpoint not exposed (OnAvailableEndpointCondition)

   LoggersEndpointAutoConfiguration:
      Did not match:
         - @ConditionalOnAvailableEndpoint not exposed (OnAvailableEndpointCondition)

   MailHealthContributorAutoConfiguration:
      Did not match:
         - @ConditionalOnBean (types: org.springframework.mail.javamail.JavaMailSenderImpl; SearchStrategy: all) did not find any beans of type org.springframework.mail.javamail.JavaMailSenderImpl (OnBeanCondition)
      Matched:
         - @ConditionalOnClass found required class 'org.springframework.mail.javamail.JavaMailSenderImpl' (OnClassCondition)
         - @ConditionalOnEnabledHealthIndicator management.health.defaults.enabled is considered true (OnEnabledHealthIndicatorCondition)

   MailSenderAutoConfiguration:
      Did not match:
         - @ConditionalOnClass did not find required class 'jakarta.mail.internet.MimeMessage' (OnClassCondition)

   MailSenderValidatorAutoConfiguration:
      Did not match:
         - @ConditionalOnBooleanProperty (spring.mail.test-connection=true) did not find property 'spring.mail.test-connection' (OnPropertyCondition)

   ManagementContextAutoConfiguration.DifferentManagementContextConfiguration:
      Did not match:
         - Management Port actual port type (SAME) did not match required type (DIFFERENT) (OnManagementPortCondition)

   ManagementWebSecurityAutoConfiguration:
      Did not match:
         - not a servlet web application (OnWebApplicationCondition)

   MappingsEndpointAutoConfiguration:
      Did not match:
         - @ConditionalOnAvailableEndpoint not exposed (OnAvailableEndpointCondition)

   MessageSourceAutoConfiguration:
      Did not match:
         - ResourceBundle did not find bundle with basename messages (MessageSourceAutoConfiguration.ResourceBundleCondition)

   MetricsAspectsAutoConfiguration:
      Did not match:
         - @ConditionalOnClass did not find required class 'org.aspectj.weaver.Advice' (OnClassCondition)

   MicrometerTracingAutoConfiguration.SpanAspectConfiguration:
      Did not match:
         - @ConditionalOnClass did not find required class 'org.aspectj.weaver.Advice' (OnClassCondition)

   MongoAutoConfiguration:
      Did not match:
         - @ConditionalOnClass did not find required class 'com.mongodb.client.MongoClient' (OnClassCondition)

   MongoDataAutoConfiguration:
      Did not match:
         - @ConditionalOnClass did not find required class 'com.mongodb.client.MongoClient' (OnClassCondition)

   MongoHealthContributorAutoConfiguration:
      Did not match:
         - @ConditionalOnClass did not find required class 'org.springframework.data.mongodb.core.MongoTemplate' (OnClassCondition)

   MongoMetricsAutoConfiguration:
      Did not match:
         - @ConditionalOnClass did not find required class 'com.mongodb.MongoClientSettings' (OnClassCondition)

   MongoReactiveAutoConfiguration:
      Did not match:
         - @ConditionalOnClass did not find required class 'com.mongodb.reactivestreams.client.MongoClient' (OnClassCondition)

   MongoReactiveDataAutoConfiguration:
      Did not match:
         - @ConditionalOnClass did not find required class 'com.mongodb.reactivestreams.client.MongoClient' (OnClassCondition)

   MongoReactiveHealthContributorAutoConfiguration:
      Did not match:
         - @ConditionalOnClass did not find required class 'org.springframework.data.mongodb.core.ReactiveMongoTemplate' (OnClassCondition)

   MongoReactiveRepositoriesAutoConfiguration:
      Did not match:
         - @ConditionalOnClass did not find required class 'com.mongodb.reactivestreams.client.MongoClient' (OnClassCondition)

   MongoRepositoriesAutoConfiguration:
      Did not match:
         - @ConditionalOnClass did not find required class 'com.mongodb.client.MongoClient' (OnClassCondition)

   MultipartAutoConfiguration:
      Did not match:
         - @ConditionalOnClass did not find required class 'jakarta.servlet.MultipartConfigElement' (OnClassCondition)

   MustacheAutoConfiguration:
      Did not match:
         - @ConditionalOnClass did not find required class 'com.samskivert.mustache.Mustache' (OnClassCondition)

   Neo4jAutoConfiguration:
      Did not match:
         - @ConditionalOnClass did not find required class 'org.neo4j.driver.Driver' (OnClassCondition)

   Neo4jDataAutoConfiguration:
      Did not match:
         - @ConditionalOnClass did not find required class 'org.neo4j.driver.Driver' (OnClassCondition)

   Neo4jHealthContributorAutoConfiguration:
      Did not match:
         - @ConditionalOnClass did not find required class 'org.neo4j.driver.Driver' (OnClassCondition)

   Neo4jReactiveDataAutoConfiguration:
      Did not match:
         - @ConditionalOnClass did not find required class 'org.neo4j.driver.Driver' (OnClassCondition)

   Neo4jReactiveRepositoriesAutoConfiguration:
      Did not match:
         - @ConditionalOnClass did not find required class 'org.neo4j.driver.Driver' (OnClassCondition)

   Neo4jRepositoriesAutoConfiguration:
      Did not match:
         - @ConditionalOnClass did not find required class 'org.neo4j.driver.Driver' (OnClassCondition)

   NewRelicMetricsExportAutoConfiguration:
      Did not match:
         - @ConditionalOnClass did not find required class 'io.micrometer.newrelic.NewRelicMeterRegistry' (OnClassCondition)

   NoOpCacheConfiguration:
      Did not match:
         - Cache org.springframework.boot.autoconfigure.cache.NoOpCacheConfiguration unknown cache type (CacheCondition)

   NoOpMeterRegistryConfiguration:
      Did not match:
         - @ConditionalOnMissingBean (types: io.micrometer.core.instrument.MeterRegistry; SearchStrategy: all) found beans of type 'io.micrometer.core.instrument.MeterRegistry' prometheusMeterRegistry (OnBeanCondition)

   NoopTracerAutoConfiguration:
      Did not match:
         - @ConditionalOnMissingBean (types: io.micrometer.tracing.Tracer; SearchStrategy: all) found beans of type 'io.micrometer.tracing.Tracer' braveTracerBridge (OnBeanCondition)
      Matched:
         - @ConditionalOnClass found required class 'io.micrometer.tracing.Tracer' (OnClassCondition)

   OAuth2AuthorizationServerAutoConfiguration:
      Did not match:
         - @ConditionalOnClass did not find required class 'org.springframework.security.oauth2.server.authorization.OAuth2Authorization' (OnClassCondition)

   OAuth2AuthorizationServerJwtAutoConfiguration:
      Did not match:
         - @ConditionalOnClass did not find required class 'com.nimbusds.jose.jwk.source.JWKSource' (OnClassCondition)

   OAuth2ClientAutoConfiguration:
      Did not match:
         - @ConditionalOnClass did not find required class 'org.springframework.security.oauth2.client.registration.ClientRegistration' (OnClassCondition)

   OAuth2ClientWebSecurityAutoConfiguration:
      Did not match:
         - @ConditionalOnClass did not find required class 'org.springframework.security.config.annotation.web.configuration.EnableWebSecurity' (OnClassCondition)

   OAuth2ResourceServerAutoConfiguration:
      Did not match:
         - @ConditionalOnClass did not find required class 'org.springframework.security.oauth2.server.resource.authentication.BearerTokenAuthenticationToken' (OnClassCondition)

   ObservationAutoConfiguration.MeterObservationHandlerConfiguration.OnlyMetricsMeterObservationHandlerConfiguration:
      Did not match:
         - @ConditionalOnMissingBean (types: io.micrometer.tracing.Tracer; SearchStrategy: all) found beans of type 'io.micrometer.tracing.Tracer' braveTracerBridge (OnBeanCondition)

   ObservationAutoConfiguration.ObservedAspectConfiguration:
      Did not match:
         - @ConditionalOnClass did not find required class 'org.aspectj.weaver.Advice' (OnClassCondition)

   ObservationAutoConfiguration.OnlyMetricsConfiguration:
      Did not match:
         - @ConditionalOnMissingClass found unwanted class 'io.micrometer.tracing.Tracer' (OnClassCondition)

   ObservationAutoConfiguration.OnlyTracingConfiguration:
      Did not match:
         - @ConditionalOnMissingClass found unwanted class 'io.micrometer.core.instrument.MeterRegistry' (OnClassCondition)

   OpenTelemetryAutoConfiguration:
      Did not match:
         - @ConditionalOnClass did not find required class 'io.opentelemetry.sdk.OpenTelemetrySdk' (OnClassCondition)

   OpenTelemetryLoggingAutoConfiguration:
      Did not match:
         - @ConditionalOnClass did not find required class 'io.opentelemetry.sdk.logs.SdkLoggerProvider' (OnClassCondition)

   OpenTelemetryTracingAutoConfiguration:
      Did not match:
         - @ConditionalOnClass did not find required class 'io.micrometer.tracing.otel.bridge.OtelTracer' (OnClassCondition)

   OtlpLoggingAutoConfiguration:
      Did not match:
         - @ConditionalOnClass did not find required class 'io.opentelemetry.exporter.otlp.http.logs.OtlpHttpLogRecordExporter' (OnClassCondition)

   OtlpMetricsExportAutoConfiguration:
      Did not match:
         - @ConditionalOnClass did not find required class 'io.micrometer.registry.otlp.OtlpMeterRegistry' (OnClassCondition)

   OtlpTracingAutoConfiguration:
      Did not match:
         - @ConditionalOnClass did not find required class 'io.micrometer.tracing.otel.bridge.OtelTracer' (OnClassCondition)

   ProjectInfoAutoConfiguration#buildProperties:
      Did not match:
         - @ConditionalOnResource did not find resource '${spring.info.build.location:classpath:META-INF/build-info.properties}' (OnResourceCondition)

   ProjectInfoAutoConfiguration#gitProperties:
      Did not match:
         - GitResource did not find git info at classpath:git.properties (ProjectInfoAutoConfiguration.GitResourceAvailableCondition)

   PrometheusMetricsExportAutoConfiguration.PrometheusPushGatewayConfiguration:
      Did not match:
         - @ConditionalOnClass did not find required class 'io.prometheus.metrics.exporter.pushgateway.PushGateway' (OnClassCondition)

   PulsarAutoConfiguration:
      Did not match:
         - @ConditionalOnClass did not find required class 'org.apache.pulsar.client.api.PulsarClient' (OnClassCondition)

   PulsarReactiveAutoConfiguration:
      Did not match:
         - @ConditionalOnClass did not find required class 'org.apache.pulsar.client.api.PulsarClient' (OnClassCondition)

   QuartzAutoConfiguration:
      Did not match:
         - @ConditionalOnClass did not find required class 'org.quartz.Scheduler' (OnClassCondition)

   QuartzEndpointAutoConfiguration:
      Did not match:
         - @ConditionalOnClass did not find required class 'org.quartz.Scheduler' (OnClassCondition)

   R2dbcDataAutoConfiguration#r2dbcConverter:
      Did not match:
         - @ConditionalOnMissingBean (types: org.springframework.data.r2dbc.convert.MappingR2dbcConverter; SearchStrategy: all) found beans of type 'org.springframework.data.r2dbc.convert.MappingR2dbcConverter' r2dbcConverter (OnBeanCondition)

   R2dbcDataAutoConfiguration#r2dbcCustomConversions:
      Did not match:
         - @ConditionalOnMissingBean (types: org.springframework.data.r2dbc.convert.R2dbcCustomConversions; SearchStrategy: all) found beans of type 'org.springframework.data.r2dbc.convert.R2dbcCustomConversions' r2dbcCustomConversions (OnBeanCondition)

   R2dbcDataAutoConfiguration#r2dbcEntityTemplate:
      Did not match:
         - @ConditionalOnMissingBean (types: org.springframework.data.r2dbc.core.R2dbcEntityTemplate; SearchStrategy: all) found beans of type 'org.springframework.data.r2dbc.core.R2dbcEntityTemplate' r2dbcEntityTemplate (OnBeanCondition)

   R2dbcDataAutoConfiguration#r2dbcManagedTypes:
      Did not match:
         - @ConditionalOnMissingBean (types: org.springframework.data.relational.RelationalManagedTypes; SearchStrategy: all) found beans of type 'org.springframework.data.relational.RelationalManagedTypes' r2dbcManagedTypes (OnBeanCondition)

   R2dbcDataAutoConfiguration#r2dbcMappingContext:
      Did not match:
         - @ConditionalOnMissingBean (types: org.springframework.data.r2dbc.mapping.R2dbcMappingContext; SearchStrategy: all) found beans of type 'org.springframework.data.r2dbc.mapping.R2dbcMappingContext' r2dbcMappingContext (OnBeanCondition)

   R2dbcObservationAutoConfiguration:
      Did not match:
         - @ConditionalOnClass did not find required class 'io.r2dbc.proxy.ProxyConnectionFactory' (OnClassCondition)

   R2dbcProxyAutoConfiguration:
      Did not match:
         - @ConditionalOnClass did not find required class 'io.r2dbc.proxy.ProxyConnectionFactory' (OnClassCondition)

   R2dbcRepositoriesAutoConfiguration:
      Did not match:
         - @ConditionalOnMissingBean (types: org.springframework.data.r2dbc.repository.support.R2dbcRepositoryFactoryBean; SearchStrategy: all) found beans of type 'org.springframework.data.r2dbc.repository.support.R2dbcRepositoryFactoryBean' &finewebDataRepository (OnBeanCondition)
      Matched:
         - @ConditionalOnClass found required classes 'io.r2dbc.spi.ConnectionFactory', 'org.springframework.data.r2dbc.repository.R2dbcRepository' (OnClassCondition)
         - @ConditionalOnBooleanProperty (spring.data.r2dbc.repositories.enabled=true) matched (OnPropertyCondition)

   R2dbcTransactionManagerAutoConfiguration#connectionFactoryTransactionManager:
      Did not match:
         - @ConditionalOnMissingBean (types: org.springframework.transaction.ReactiveTransactionManager; SearchStrategy: all) found beans of type 'org.springframework.transaction.ReactiveTransactionManager' transactionManager (OnBeanCondition)

   RSocketGraphQlClientAutoConfiguration:
      Did not match:
         - @ConditionalOnClass did not find required class 'graphql.GraphQL' (OnClassCondition)

   RSocketMessagingAutoConfiguration:
      Did not match:
         - @ConditionalOnClass did not find required class 'io.rsocket.RSocket' (OnClassCondition)

   RSocketRequesterAutoConfiguration:
      Did not match:
         - @ConditionalOnClass did not find required class 'io.rsocket.RSocket' (OnClassCondition)

   RSocketSecurityAutoConfiguration:
      Did not match:
         - @ConditionalOnClass did not find required class 'org.springframework.security.rsocket.core.SecuritySocketAcceptorInterceptor' (OnClassCondition)

   RSocketServerAutoConfiguration:
      Did not match:
         - @ConditionalOnClass did not find required class 'io.rsocket.core.RSocketServer' (OnClassCondition)

   RSocketStrategiesAutoConfiguration:
      Did not match:
         - @ConditionalOnClass did not find required class 'io.rsocket.RSocket' (OnClassCondition)

   RabbitAnnotationDrivenConfiguration#directRabbitListenerContainerFactory:
      Did not match:
         - @ConditionalOnProperty (spring.rabbitmq.listener.type=direct) did not find property 'spring.rabbitmq.listener.type' (OnPropertyCondition)

   RabbitAnnotationDrivenConfiguration#directRabbitListenerContainerFactoryConfigurerVirtualThreads:
      Did not match:
         - @ConditionalOnMissingBean (types: org.springframework.boot.autoconfigure.amqp.DirectRabbitListenerContainerFactoryConfigurer; SearchStrategy: all) found beans of type 'org.springframework.boot.autoconfigure.amqp.DirectRabbitListenerContainerFactoryConfigurer' directRabbitListenerContainerFactoryConfigurer (OnBeanCondition)

   RabbitAnnotationDrivenConfiguration#simpleRabbitListenerContainerFactoryConfigurerVirtualThreads:
      Did not match:
         - @ConditionalOnMissingBean (types: org.springframework.boot.autoconfigure.amqp.SimpleRabbitListenerContainerFactoryConfigurer; SearchStrategy: all) found beans of type 'org.springframework.boot.autoconfigure.amqp.SimpleRabbitListenerContainerFactoryConfigurer' simpleRabbitListenerContainerFactoryConfigurer (OnBeanCondition)

   RabbitAutoConfiguration.RabbitTemplateConfiguration#rabbitTemplate:
      Did not match:
         - @ConditionalOnMissingBean (types: org.springframework.amqp.rabbit.core.RabbitOperations; SearchStrategy: all) found beans of type 'org.springframework.amqp.rabbit.core.RabbitOperations' rabbitTemplate (OnBeanCondition)

   RabbitStreamConfiguration:
      Did not match:
         - @ConditionalOnClass did not find required class 'org.springframework.rabbit.stream.config.StreamRabbitListenerContainerFactory' (OnClassCondition)

   ReactiveCloudFoundryActuatorAutoConfiguration:
      Did not match:
         - @ConditionalOnCloudPlatform did not find CLOUD_FOUNDRY (OnCloudPlatformCondition)
      Matched:
         - found ConfigurableReactiveWebEnvironment (OnWebApplicationCondition)
         - @ConditionalOnBooleanProperty (management.cloudfoundry.enabled=true) matched (OnPropertyCondition)

   ReactiveElasticsearchClientAutoConfiguration#reactiveElasticsearchClient:
      Did not match:
         - @ConditionalOnMissingBean (types: org.springframework.data.elasticsearch.client.elc.ReactiveElasticsearchClient; SearchStrategy: all) found beans of type 'org.springframework.data.elasticsearch.client.elc.ReactiveElasticsearchClient' reactiveElasticsearchClient (OnBeanCondition)

   ReactiveElasticsearchRepositoriesAutoConfiguration:
      Did not match:
         - @ConditionalOnMissingBean (types: org.springframework.data.elasticsearch.repository.support.ReactiveElasticsearchRepositoryFactoryBean; SearchStrategy: all) found beans of type 'org.springframework.data.elasticsearch.repository.support.ReactiveElasticsearchRepositoryFactoryBean' &finewebElasticsearchRepository (OnBeanCondition)
      Matched:
         - @ConditionalOnClass found required classes 'org.springframework.data.elasticsearch.client.elc.ReactiveElasticsearchClient', 'org.springframework.data.elasticsearch.repository.ReactiveElasticsearchRepository', 'reactor.core.publisher.Mono' (OnClassCondition)
         - @ConditionalOnBooleanProperty (spring.data.elasticsearch.repositories.enabled=true) matched (OnPropertyCondition)

   ReactiveManagementWebSecurityAutoConfiguration:
      Did not match:
         - @ConditionalOnClass did not find required class 'org.springframework.security.config.annotation.web.reactive.EnableWebFluxSecurity' (OnClassCondition)

   ReactiveOAuth2ClientAutoConfiguration:
      Did not match:
         - @ConditionalOnClass did not find required class 'org.springframework.security.oauth2.client.registration.ClientRegistration' (OnClassCondition)

   ReactiveOAuth2ClientWebSecurityAutoConfiguration:
      Did not match:
         - @ConditionalOnClass did not find required class 'org.springframework.security.config.annotation.web.reactive.EnableWebFluxSecurity' (OnClassCondition)

   ReactiveOAuth2ResourceServerAutoConfiguration:
      Did not match:
         - @ConditionalOnClass did not find required class 'org.springframework.security.config.annotation.web.reactive.EnableWebFluxSecurity' (OnClassCondition)

   ReactiveSecurityAutoConfiguration:
      Did not match:
         - @ConditionalOnClass did not find required class 'org.springframework.security.config.annotation.web.reactive.EnableWebFluxSecurity' (OnClassCondition)

   ReactiveUserDetailsServiceAutoConfiguration:
      Did not match:
         - @ConditionalOnClass did not find required class 'org.springframework.security.authentication.ReactiveAuthenticationManager' (OnClassCondition)

   ReactiveWebServerFactoryAutoConfiguration#forwardedHeaderTransformer:
      Did not match:
         - @ConditionalOnProperty (server.forward-headers-strategy=framework) did not find property 'server.forward-headers-strategy' (OnPropertyCondition)

   ReactiveWebServerFactoryAutoConfiguration#tomcatReactiveWebServerFactoryCustomizer:
      Did not match:
         - @ConditionalOnClass did not find required class 'org.apache.catalina.startup.Tomcat' (OnClassCondition)

   ReactiveWebServerFactoryConfiguration.EmbeddedJetty:
      Did not match:
         - @ConditionalOnClass did not find required classes 'org.eclipse.jetty.server.Server', 'org.eclipse.jetty.ee10.servlet.ServletHolder' (OnClassCondition)

   ReactiveWebServerFactoryConfiguration.EmbeddedTomcat:
      Did not match:
         - @ConditionalOnClass did not find required class 'org.apache.catalina.startup.Tomcat' (OnClassCondition)

   ReactiveWebServerFactoryConfiguration.EmbeddedUndertow:
      Did not match:
         - @ConditionalOnClass did not find required class 'io.undertow.Undertow' (OnClassCondition)

   RedisHealthContributorAutoConfiguration#redisHealthContributor:
      Did not match:
         - @ConditionalOnMissingBean (names: redisHealthIndicator,redisHealthContributor; SearchStrategy: all) found beans named redisHealthContributor (OnBeanCondition)

   RedisReactiveAutoConfiguration#reactiveRedisTemplate:
      Did not match:
         - @ConditionalOnMissingBean (names: reactiveRedisTemplate; SearchStrategy: all) found beans named reactiveRedisTemplate (OnBeanCondition)

   RepositoryRestMvcAutoConfiguration:
      Did not match:
         - @ConditionalOnClass did not find required class 'org.springframework.data.rest.webmvc.config.RepositoryRestMvcConfiguration' (OnClassCondition)

   RestClientAutoConfiguration:
      Did not match:
         - AnyNestedCondition 0 matched 2 did not; NestedCondition on NotReactiveWebApplicationOrVirtualThreadsExecutorEnabledCondition.VirtualThreadsExecutorEnabled found non-matching nested conditions @ConditionalOnThreading did not find VIRTUAL; NestedCondition on NotReactiveWebApplicationOrVirtualThreadsExecutorEnabledCondition.NotReactiveWebApplication NoneNestedConditions 1 matched 0 did not; NestedCondition on NotReactiveWebApplicationCondition.ReactiveWebApplication found ConfigurableReactiveWebEnvironment (NotReactiveWebApplicationOrVirtualThreadsExecutorEnabledCondition)
      Matched:
         - @ConditionalOnClass found required class 'org.springframework.web.client.RestClient' (OnClassCondition)

   RestClientObservationConfiguration:
      Did not match:
         - @ConditionalOnBean (types: org.springframework.web.client.RestClient$Builder; SearchStrategy: all) did not find any beans of type org.springframework.web.client.RestClient$Builder (OnBeanCondition)
      Matched:
         - @ConditionalOnClass found required class 'org.springframework.web.client.RestClient' (OnClassCondition)

   RestTemplateAutoConfiguration:
      Did not match:
         - NoneNestedConditions 1 matched 0 did not; NestedCondition on NotReactiveWebApplicationCondition.ReactiveWebApplication found ConfigurableReactiveWebEnvironment (NotReactiveWebApplicationCondition)
      Matched:
         - @ConditionalOnClass found required class 'org.springframework.web.client.RestTemplate' (OnClassCondition)

   RestTemplateObservationConfiguration:
      Did not match:
         - @ConditionalOnBean (types: org.springframework.boot.web.client.RestTemplateBuilder; SearchStrategy: all) did not find any beans of type org.springframework.boot.web.client.RestTemplateBuilder (OnBeanCondition)
      Matched:
         - @ConditionalOnClass found required class 'org.springframework.web.client.RestTemplate' (OnClassCondition)

   Saml2RelyingPartyAutoConfiguration:
      Did not match:
         - @ConditionalOnClass did not find required class 'org.springframework.security.saml2.provider.service.registration.RelyingPartyRegistrationRepository' (OnClassCondition)

   SbomEndpointAutoConfiguration:
      Did not match:
         - @ConditionalOnAvailableEndpoint not exposed (OnAvailableEndpointCondition)

   ScheduledTasksEndpointAutoConfiguration:
      Did not match:
         - @ConditionalOnAvailableEndpoint not exposed (OnAvailableEndpointCondition)

   SecurityAutoConfiguration:
      Did not match:
         - @ConditionalOnClass did not find required class 'org.springframework.security.authentication.DefaultAuthenticationEventPublisher' (OnClassCondition)

   SecurityFilterAutoConfiguration:
      Did not match:
         - @ConditionalOnClass did not find required class 'org.springframework.security.config.http.SessionCreationPolicy' (OnClassCondition)

   SecurityRequestMatchersManagementContextConfiguration:
      Did not match:
         - @ConditionalOnClass did not find required class 'org.springframework.security.web.util.matcher.RequestMatcher' (OnClassCondition)

   SendGridAutoConfiguration:
      Did not match:
         - @ConditionalOnClass did not find required class 'com.sendgrid.SendGrid' (OnClassCondition)

   ServletEndpointManagementContextConfiguration:
      Did not match:
         - not a servlet web application (OnWebApplicationCondition)

   ServletManagementContextAutoConfiguration:
      Did not match:
         - @ConditionalOnClass did not find required class 'jakarta.servlet.Servlet' (OnClassCondition)

   ServletWebServerFactoryAutoConfiguration:
      Did not match:
         - @ConditionalOnClass did not find required class 'jakarta.servlet.ServletRequest' (OnClassCondition)

   SessionAutoConfiguration:
      Did not match:
         - @ConditionalOnClass did not find required class 'org.springframework.session.Session' (OnClassCondition)

   SessionsEndpointAutoConfiguration:
      Did not match:
         - @ConditionalOnClass did not find required class 'org.springframework.session.Session' (OnClassCondition)

   ShutdownEndpointAutoConfiguration:
      Did not match:
         - @ConditionalOnAvailableEndpoint the configured access for endpoint 'shutdown' is NONE (OnAvailableEndpointCondition)

   SignalFxMetricsExportAutoConfiguration:
      Did not match:
         - @ConditionalOnClass did not find required class 'io.micrometer.signalfx.SignalFxMeterRegistry' (OnClassCondition)

   SimpleCacheConfiguration:
      Did not match:
         - Cache org.springframework.boot.autoconfigure.cache.SimpleCacheConfiguration unknown cache type (CacheCondition)

   SimpleMetricsExportAutoConfiguration:
      Did not match:
         - @ConditionalOnMissingBean (types: io.micrometer.core.instrument.MeterRegistry; SearchStrategy: all) found beans of type 'io.micrometer.core.instrument.MeterRegistry' prometheusMeterRegistry (OnBeanCondition)
      Matched:
         - @ConditionalOnEnabledMetricsExport management.defaults.metrics.export.enabled is considered true (OnMetricsExportEnabledCondition)

   SpringApplicationAdminJmxAutoConfiguration:
      Did not match:
         - @ConditionalOnBooleanProperty (spring.application.admin.enabled=true) did not find property 'spring.application.admin.enabled' (OnPropertyCondition)

   SpringDataWebAutoConfiguration:
      Did not match:
         - @ConditionalOnClass did not find required class 'org.springframework.web.servlet.config.annotation.WebMvcConfigurer' (OnClassCondition)

   SslObservabilityAutoConfiguration#sslInfoProvider:
      Did not match:
         - @ConditionalOnMissingBean (types: org.springframework.boot.info.SslInfo; SearchStrategy: all) found beans of type 'org.springframework.boot.info.SslInfo' sslInfo (OnBeanCondition)

   StackdriverMetricsExportAutoConfiguration:
      Did not match:
         - @ConditionalOnClass did not find required class 'io.micrometer.stackdriver.StackdriverMeterRegistry' (OnClassCondition)

   StartupEndpointAutoConfiguration:
      Did not match:
         - ApplicationStartup configured applicationStartup is of type class org.springframework.core.metrics.DefaultApplicationStartup, expected BufferingApplicationStartup. (StartupEndpointAutoConfiguration.ApplicationStartupCondition)

   StatsdMetricsExportAutoConfiguration:
      Did not match:
         - @ConditionalOnClass did not find required class 'io.micrometer.statsd.StatsdMeterRegistry' (OnClassCondition)

   TaskExecutorConfigurations.SimpleAsyncTaskExecutorBuilderConfiguration#simpleAsyncTaskExecutorBuilderVirtualThreads:
      Did not match:
         - @ConditionalOnMissingBean (types: org.springframework.boot.task.SimpleAsyncTaskExecutorBuilder; SearchStrategy: all) found beans of type 'org.springframework.boot.task.SimpleAsyncTaskExecutorBuilder' simpleAsyncTaskExecutorBuilder (OnBeanCondition)

   TaskExecutorConfigurations.TaskExecutorConfiguration#applicationTaskExecutorVirtualThreads:
      Did not match:
         - @ConditionalOnThreading did not find VIRTUAL (OnThreadingCondition)

   TaskSchedulingAutoConfiguration#scheduledBeanLazyInitializationExcludeFilter:
      Did not match:
         - @ConditionalOnBean (names: org.springframework.context.annotation.internalScheduledAnnotationProcessor; SearchStrategy: all) did not find any beans named org.springframework.context.annotation.internalScheduledAnnotationProcessor (OnBeanCondition)

   TaskSchedulingConfigurations.SimpleAsyncTaskSchedulerBuilderConfiguration#simpleAsyncTaskSchedulerBuilderVirtualThreads:
      Did not match:
         - @ConditionalOnMissingBean (types: org.springframework.boot.task.SimpleAsyncTaskSchedulerBuilder; SearchStrategy: all) found beans of type 'org.springframework.boot.task.SimpleAsyncTaskSchedulerBuilder' simpleAsyncTaskSchedulerBuilder (OnBeanCondition)

   TaskSchedulingConfigurations.TaskSchedulerConfiguration:
      Did not match:
         - @ConditionalOnBean (names: org.springframework.context.annotation.internalScheduledAnnotationProcessor; SearchStrategy: all) did not find any beans named org.springframework.context.annotation.internalScheduledAnnotationProcessor (OnBeanCondition)

   ThreadDumpEndpointAutoConfiguration:
      Did not match:
         - @ConditionalOnAvailableEndpoint not exposed (OnAvailableEndpointCondition)

   ThymeleafAutoConfiguration:
      Did not match:
         - @ConditionalOnClass did not find required class 'org.thymeleaf.spring6.SpringTemplateEngine' (OnClassCondition)

   TomcatMetricsAutoConfiguration:
      Did not match:
         - @ConditionalOnClass did not find required class 'org.apache.catalina.Manager' (OnClassCondition)

   TransactionAutoConfiguration.AspectJTransactionManagementConfiguration:
      Did not match:
         - @ConditionalOnBean did not find required type 'org.springframework.transaction.aspectj.AbstractTransactionAspect' (OnBeanCondition)
         - @ConditionalOnBean (types: ?; SearchStrategy: all) did not find any beans of type ? (OnBeanCondition)

   TransactionAutoConfiguration.EnableTransactionManagementConfiguration.JdkDynamicAutoProxyConfiguration:
      Did not match:
         - @ConditionalOnBooleanProperty (spring.aop.proxy-target-class=false) did not find property 'spring.aop.proxy-target-class' (OnPropertyCondition)

   TransactionAutoConfiguration.TransactionTemplateConfiguration:
      Did not match:
         - @ConditionalOnSingleCandidate (types: org.springframework.transaction.PlatformTransactionManager; SearchStrategy: all) did not find any beans (OnBeanCondition)

   UserDetailsServiceAutoConfiguration:
      Did not match:
         - @ConditionalOnClass did not find required class 'org.springframework.security.authentication.AuthenticationManager' (OnClassCondition)

   WavefrontAutoConfiguration:
      Did not match:
         - @ConditionalOnClass did not find required class 'com.wavefront.sdk.common.application.ApplicationTags' (OnClassCondition)

   WavefrontMetricsExportAutoConfiguration:
      Did not match:
         - @ConditionalOnClass did not find required class 'com.wavefront.sdk.common.WavefrontSender' (OnClassCondition)

   WavefrontTracingAutoConfiguration:
      Did not match:
         - @ConditionalOnClass did not find required class 'com.wavefront.sdk.common.WavefrontSender' (OnClassCondition)

   WebEndpointAutoConfiguration.WebEndpointServletConfiguration:
      Did not match:
         - not a servlet web application (OnWebApplicationCondition)

   WebFluxAutoConfiguration#hiddenHttpMethodFilter:
      Did not match:
         - @ConditionalOnBooleanProperty (spring.webflux.hiddenmethod.filter.enabled=true) did not find property 'spring.webflux.hiddenmethod.filter.enabled' (OnPropertyCondition)

   WebFluxAutoConfiguration.ProblemDetailsErrorHandlingConfiguration:
      Did not match:
         - @ConditionalOnBooleanProperty (spring.webflux.problemdetails.enabled=true) did not find property 'spring.webflux.problemdetails.enabled' (OnPropertyCondition)

   WebFluxAutoConfiguration.ResourceChainCustomizerConfiguration:
      Did not match:
         - @ConditionalOnEnabledResourceChain did not find class org.webjars.WebJarVersionLocator (OnEnabledResourceChainCondition)

   WebFluxEndpointManagementContextConfiguration#managementHealthEndpointWebFluxHandlerMapping:
      Did not match:
         - Management Port actual port type (SAME) did not match required type (DIFFERENT) (OnManagementPortCondition)

   WebMvcAutoConfiguration:
      Did not match:
         - @ConditionalOnClass did not find required class 'jakarta.servlet.Servlet' (OnClassCondition)

   WebMvcEndpointManagementContextConfiguration:
      Did not match:
         - @ConditionalOnClass did not find required class 'org.springframework.web.servlet.DispatcherServlet' (OnClassCondition)

   WebMvcObservationAutoConfiguration:
      Did not match:
         - @ConditionalOnClass did not find required class 'org.springframework.web.servlet.DispatcherServlet' (OnClassCondition)

   WebServiceTemplateAutoConfiguration:
      Did not match:
         - @ConditionalOnClass did not find required class 'org.springframework.ws.client.core.WebServiceTemplate' (OnClassCondition)

   WebServicesAutoConfiguration:
      Did not match:
         - @ConditionalOnClass did not find required class 'org.springframework.ws.transport.http.MessageDispatcherServlet' (OnClassCondition)

   WebSocketMessagingAutoConfiguration:
      Did not match:
         - @ConditionalOnClass did not find required class 'org.springframework.web.socket.config.annotation.WebSocketMessageBrokerConfigurer' (OnClassCondition)

   WebSocketReactiveAutoConfiguration:
      Did not match:
         - @ConditionalOnClass did not find required class 'jakarta.servlet.Servlet' (OnClassCondition)

   WebSocketServletAutoConfiguration:
      Did not match:
         - @ConditionalOnClass did not find required class 'jakarta.servlet.Servlet' (OnClassCondition)

   XADataSourceAutoConfiguration:
      Did not match:
         - @ConditionalOnClass did not find required class 'jakarta.transaction.TransactionManager' (OnClassCondition)

   ZipkinAutoConfiguration:
      Did not match:
         - @ConditionalOnClass did not find required class 'zipkin2.reporter.Encoding' (OnClassCondition)


Exclusions:
-----------

    None


Unconditional classes:
----------------------

    org.springframework.boot.autoconfigure.context.ConfigurationPropertiesAutoConfiguration

    org.springframework.boot.actuate.autoconfigure.availability.AvailabilityHealthContributorAutoConfiguration

    org.springframework.boot.autoconfigure.ssl.SslAutoConfiguration

    org.springframework.boot.actuate.autoconfigure.info.InfoContributorAutoConfiguration

    org.springframework.boot.autoconfigure.context.PropertyPlaceholderAutoConfiguration

    org.springframework.boot.autoconfigure.context.LifecycleAutoConfiguration

    org.springframework.boot.actuate.autoconfigure.metrics.integration.IntegrationMetricsAutoConfiguration

    org.springframework.boot.actuate.autoconfigure.endpoint.EndpointAutoConfiguration

    org.springframework.boot.actuate.autoconfigure.web.server.ManagementContextAutoConfiguration

    org.springframework.boot.actuate.autoconfigure.health.HealthContributorAutoConfiguration

    org.springframework.boot.actuate.autoconfigure.endpoint.jackson.JacksonEndpointAutoConfiguration

    org.springframework.boot.autoconfigure.availability.ApplicationAvailabilityAutoConfiguration

    org.springframework.boot.autoconfigure.info.ProjectInfoAutoConfiguration



2025-08-16T17:04:42.268+08:00 DEBUG 14772 --- [hybridsearch] [main] [                                                 ] o.s.b.d.LoggingFailureAnalysisReporter   : Application failed to start due to an exception

org.springframework.beans.factory.NoUniqueBeanDefinitionException: No qualifying bean of type 'org.springframework.data.redis.connection.ReactiveRedisConnectionFactory' available: expected single matching bean but found 2: redisConnectionFactory,reactiveRedisConnectionFactory
	at org.springframework.beans.factory.config.DependencyDescriptor.resolveNotUnique(DependencyDescriptor.java:218)
	at org.springframework.beans.factory.support.DefaultListableBeanFactory.doResolveDependency(DefaultListableBeanFactory.java:1722)
	at org.springframework.beans.factory.support.DefaultListableBeanFactory.resolveDependency(DefaultListableBeanFactory.java:1628)
	at org.springframework.beans.factory.support.ConstructorResolver.resolveAutowiredArgument(ConstructorResolver.java:913)
	at org.springframework.beans.factory.support.ConstructorResolver.createArgumentArray(ConstructorResolver.java:791)
	at org.springframework.beans.factory.support.ConstructorResolver.instantiateUsingFactoryMethod(ConstructorResolver.java:546)
	at org.springframework.beans.factory.support.AbstractAutowireCapableBeanFactory.instantiateUsingFactoryMethod(AbstractAutowireCapableBeanFactory.java:1375)
	at org.springframework.beans.factory.support.AbstractAutowireCapableBeanFactory.createBeanInstance(AbstractAutowireCapableBeanFactory.java:1205)
	at org.springframework.beans.factory.support.AbstractAutowireCapableBeanFactory.doCreateBean(AbstractAutowireCapableBeanFactory.java:569)
	at org.springframework.beans.factory.support.AbstractAutowireCapableBeanFactory.createBean(AbstractAutowireCapableBeanFactory.java:529)
	at org.springframework.beans.factory.support.AbstractBeanFactory.lambda$doGetBean$0(AbstractBeanFactory.java:339)
	at org.springframework.beans.factory.support.DefaultSingletonBeanRegistry.getSingleton(DefaultSingletonBeanRegistry.java:373)
	at org.springframework.beans.factory.support.AbstractBeanFactory.doGetBean(AbstractBeanFactory.java:337)
	at org.springframework.beans.factory.support.AbstractBeanFactory.getBean(AbstractBeanFactory.java:202)
	at org.springframework.beans.factory.support.DefaultListableBeanFactory.instantiateSingleton(DefaultListableBeanFactory.java:1222)
	at org.springframework.beans.factory.support.DefaultListableBeanFactory.preInstantiateSingleton(DefaultListableBeanFactory.java:1188)
	at org.springframework.beans.factory.support.DefaultListableBeanFactory.preInstantiateSingletons(DefaultListableBeanFactory.java:1123)
	at org.springframework.context.support.AbstractApplicationContext.finishBeanFactoryInitialization(AbstractApplicationContext.java:987)
	at org.springframework.context.support.AbstractApplicationContext.refresh(AbstractApplicationContext.java:627)
	at org.springframework.boot.web.reactive.context.ReactiveWebServerApplicationContext.refresh(ReactiveWebServerApplicationContext.java:66)
	at org.springframework.boot.SpringApplication.refresh(SpringApplication.java:752)
	at org.springframework.boot.SpringApplication.refreshContext(SpringApplication.java:439)
	at org.springframework.boot.SpringApplication.run(SpringApplication.java:318)
	at org.springframework.boot.SpringApplication.run(SpringApplication.java:1361)
	at org.springframework.boot.SpringApplication.run(SpringApplication.java:1350)
	at com.hybridsearch.KsbSearchApplicationKt.main(KsbSearchApplication.kt:19)

2025-08-16T17:04:42.271+08:00 ERROR 14772 --- [hybridsearch] [main] [                                                 ] o.s.b.d.LoggingFailureAnalysisReporter   : 

***************************
APPLICATION FAILED TO START
***************************

Description:

Parameter 0 of method reactiveRedisTemplate in com.hybridsearch.config.RedisConfig required a single bean, but 2 were found:
	- redisConnectionFactory: defined by method 'redisConnectionFactory' in class path resource [com/hybridsearch/config/RedisConfig.class]
	- reactiveRedisConnectionFactory: defined by method 'reactiveRedisConnectionFactory' in class path resource [com/hybridsearch/config/RedisConfig.class]

This may be due to missing parameter name information

Action:

Consider marking one of the beans as @Primary, updating the consumer to accept multiple beans, or using @Qualifier to identify the bean that should be consumed

Ensure that your compiler is configured to use the '-parameters' flag.
You may need to update both your build tool settings as well as your IDE.
(See https://github.com/spring-projects/spring-framework/wiki/Spring-Framework-6.1-Release-Notes#parameter-name-retention)


2025-08-16T17:08:31.568+08:00  INFO 41384 --- [hybridsearch] [main] [                                                 ] c.hybridsearch.KsbSearchApplicationKt    : Starting KsbSearchApplicationKt using Java 21.0.3 with PID 41384 (E:\hybrid-search-es\build\classes\kotlin\main started by potato in E:\hybrid-search-es)
2025-08-16T17:08:31.570+08:00 DEBUG 41384 --- [hybridsearch] [main] [                                                 ] c.hybridsearch.KsbSearchApplicationKt    : Running with Spring Boot v3.5.4, Spring v6.2.9
2025-08-16T17:08:31.571+08:00  INFO 41384 --- [hybridsearch] [main] [                                                 ] c.hybridsearch.KsbSearchApplicationKt    : The following 1 profile is active: "dev"
2025-08-16T17:08:32.545+08:00  INFO 41384 --- [hybridsearch] [main] [                                                 ] .s.d.r.c.RepositoryConfigurationDelegate : Multiple Spring Data modules found, entering strict repository configuration mode
2025-08-16T17:08:32.547+08:00  INFO 41384 --- [hybridsearch] [main] [                                                 ] .s.d.r.c.RepositoryConfigurationDelegate : Bootstrapping Spring Data Reactive Elasticsearch repositories in DEFAULT mode.
2025-08-16T17:08:32.578+08:00  INFO 41384 --- [hybridsearch] [main] [                                                 ] .s.d.r.c.RepositoryConfigurationDelegate : Finished Spring Data repository scanning in 20 ms. Found 0 Reactive Elasticsearch repository interfaces.
2025-08-16T17:08:32.597+08:00  INFO 41384 --- [hybridsearch] [main] [                                                 ] .s.d.r.c.RepositoryConfigurationDelegate : Multiple Spring Data modules found, entering strict repository configuration mode
2025-08-16T17:08:32.597+08:00  INFO 41384 --- [hybridsearch] [main] [                                                 ] .s.d.r.c.RepositoryConfigurationDelegate : Bootstrapping Spring Data R2DBC repositories in DEFAULT mode.
2025-08-16T17:08:32.720+08:00  INFO 41384 --- [hybridsearch] [main] [                                                 ] .s.d.r.c.RepositoryConfigurationDelegate : Finished Spring Data repository scanning in 123 ms. Found 1 R2DBC repository interface.
2025-08-16T17:08:32.721+08:00  INFO 41384 --- [hybridsearch] [main] [                                                 ] .s.d.r.c.RepositoryConfigurationDelegate : Multiple Spring Data modules found, entering strict repository configuration mode
2025-08-16T17:08:32.721+08:00  INFO 41384 --- [hybridsearch] [main] [                                                 ] .s.d.r.c.RepositoryConfigurationDelegate : Bootstrapping Spring Data Reactive Elasticsearch repositories in DEFAULT mode.
2025-08-16T17:08:32.727+08:00  INFO 41384 --- [hybridsearch] [main] [                                                 ] .s.d.r.c.RepositoryConfigurationDelegate : Finished Spring Data repository scanning in 4 ms. Found 1 Reactive Elasticsearch repository interface.
2025-08-16T17:08:33.470+08:00  INFO 41384 --- [hybridsearch] [main] [                                                 ] .s.d.r.c.RepositoryConfigurationDelegate : Multiple Spring Data modules found, entering strict repository configuration mode
2025-08-16T17:08:33.470+08:00  INFO 41384 --- [hybridsearch] [main] [                                                 ] .s.d.r.c.RepositoryConfigurationDelegate : Bootstrapping Spring Data Elasticsearch repositories in DEFAULT mode.
2025-08-16T17:08:33.480+08:00  INFO 41384 --- [hybridsearch] [main] [                                                 ] .s.d.r.c.RepositoryConfigurationDelegate : Finished Spring Data repository scanning in 7 ms. Found 0 Elasticsearch repository interfaces.
2025-08-16T17:08:33.490+08:00  INFO 41384 --- [hybridsearch] [main] [                                                 ] .s.d.r.c.RepositoryConfigurationDelegate : Multiple Spring Data modules found, entering strict repository configuration mode
2025-08-16T17:08:33.491+08:00  INFO 41384 --- [hybridsearch] [main] [                                                 ] .s.d.r.c.RepositoryConfigurationDelegate : Bootstrapping Spring Data Redis repositories in DEFAULT mode.
2025-08-16T17:08:33.497+08:00  INFO 41384 --- [hybridsearch] [main] [                                                 ] .RepositoryConfigurationExtensionSupport : Spring Data Redis - Could not safely identify store assignment for repository candidate interface com.hybridsearch.repository.elasticsearch.FinewebElasticsearchRepository; If you want this repository to be a Redis repository, consider annotating your entities with one of these annotations: org.springframework.data.redis.core.RedisHash (preferred), or consider extending one of the following types with your repository: org.springframework.data.keyvalue.repository.KeyValueRepository
2025-08-16T17:08:33.497+08:00  INFO 41384 --- [hybridsearch] [main] [                                                 ] .RepositoryConfigurationExtensionSupport : Spring Data Redis - Could not safely identify store assignment for repository candidate interface com.hybridsearch.repository.r2dbc.FinewebDataRepository; If you want this repository to be a Redis repository, consider annotating your entities with one of these annotations: org.springframework.data.redis.core.RedisHash (preferred), or consider extending one of the following types with your repository: org.springframework.data.keyvalue.repository.KeyValueRepository
2025-08-16T17:08:33.497+08:00  INFO 41384 --- [hybridsearch] [main] [                                                 ] .s.d.r.c.RepositoryConfigurationDelegate : Finished Spring Data repository scanning in 2 ms. Found 0 Redis repository interfaces.
2025-08-16T17:08:34.151+08:00 DEBUG 41384 --- [hybridsearch] [main] [                                                 ] io.r2dbc.postgresql.Extensions           : Discovering Extensions using ServiceLoader
2025-08-16T17:08:34.153+08:00 DEBUG 41384 --- [hybridsearch] [main] [                                                 ] io.r2dbc.postgresql.Extensions           : Registering extension io.r2dbc.postgresql.codec.BuiltinDynamicCodecs
2025-08-16T17:08:35.311+08:00  WARN 41384 --- [hybridsearch] [main] [                                                 ] onfigReactiveWebServerApplicationContext : Exception encountered during context initialization - cancelling refresh attempt: org.springframework.beans.factory.UnsatisfiedDependencyException: Error creating bean with name 'reactiveRedisTemplate' defined in class path resource [com/hybridsearch/config/RedisConfig.class]: Unsatisfied dependency expressed through method 'reactiveRedisTemplate' parameter 0: No qualifying bean of type 'org.springframework.data.redis.connection.ReactiveRedisConnectionFactory' available: expected single matching bean but found 2: redisConnectionFactory,reactiveRedisConnectionFactory
2025-08-16T17:08:35.576+08:00  INFO 41384 --- [hybridsearch] [main] [                                                 ] .s.b.a.l.ConditionEvaluationReportLogger : 

Error starting ApplicationContext. To display the condition evaluation report re-run your application with 'debug' enabled.
2025-08-16T17:08:35.603+08:00 ERROR 41384 --- [hybridsearch] [main] [                                                 ] o.s.b.d.LoggingFailureAnalysisReporter   : 

***************************
APPLICATION FAILED TO START
***************************

Description:

Parameter 0 of method reactiveRedisTemplate in com.hybridsearch.config.RedisConfig required a single bean, but 2 were found:
	- redisConnectionFactory: defined by method 'redisConnectionFactory' in class path resource [com/hybridsearch/config/RedisConfig.class]
	- reactiveRedisConnectionFactory: defined by method 'reactiveRedisConnectionFactory' in class path resource [com/hybridsearch/config/RedisConfig.class]

This may be due to missing parameter name information

Action:

Consider marking one of the beans as @Primary, updating the consumer to accept multiple beans, or using @Qualifier to identify the bean that should be consumed

Ensure that your compiler is configured to use the '-parameters' flag.
You may need to update both your build tool settings as well as your IDE.
(See https://github.com/spring-projects/spring-framework/wiki/Spring-Framework-6.1-Release-Notes#parameter-name-retention)


2025-08-16T17:10:49.246+08:00  INFO 49736 --- [hybridsearch] [main] [                                                 ] c.hybridsearch.KsbSearchApplicationKt    : Starting KsbSearchApplicationKt using Java 21.0.3 with PID 49736 (E:\hybrid-search-es\build\classes\kotlin\main started by potato in E:\hybrid-search-es)
2025-08-16T17:10:49.248+08:00 DEBUG 49736 --- [hybridsearch] [main] [                                                 ] c.hybridsearch.KsbSearchApplicationKt    : Running with Spring Boot v3.5.4, Spring v6.2.9
2025-08-16T17:10:49.249+08:00  INFO 49736 --- [hybridsearch] [main] [                                                 ] c.hybridsearch.KsbSearchApplicationKt    : The following 1 profile is active: "dev"
2025-08-16T17:10:49.870+08:00  INFO 49736 --- [hybridsearch] [main] [                                                 ] .s.d.r.c.RepositoryConfigurationDelegate : Multiple Spring Data modules found, entering strict repository configuration mode
2025-08-16T17:10:49.871+08:00  INFO 49736 --- [hybridsearch] [main] [                                                 ] .s.d.r.c.RepositoryConfigurationDelegate : Bootstrapping Spring Data Reactive Elasticsearch repositories in DEFAULT mode.
2025-08-16T17:10:49.882+08:00  INFO 49736 --- [hybridsearch] [main] [                                                 ] .s.d.r.c.RepositoryConfigurationDelegate : Finished Spring Data repository scanning in 5 ms. Found 0 Reactive Elasticsearch repository interfaces.
2025-08-16T17:10:49.888+08:00  INFO 49736 --- [hybridsearch] [main] [                                                 ] .s.d.r.c.RepositoryConfigurationDelegate : Multiple Spring Data modules found, entering strict repository configuration mode
2025-08-16T17:10:49.888+08:00  INFO 49736 --- [hybridsearch] [main] [                                                 ] .s.d.r.c.RepositoryConfigurationDelegate : Bootstrapping Spring Data R2DBC repositories in DEFAULT mode.
2025-08-16T17:10:49.984+08:00  INFO 49736 --- [hybridsearch] [main] [                                                 ] .s.d.r.c.RepositoryConfigurationDelegate : Finished Spring Data repository scanning in 95 ms. Found 1 R2DBC repository interface.
2025-08-16T17:10:49.984+08:00  INFO 49736 --- [hybridsearch] [main] [                                                 ] .s.d.r.c.RepositoryConfigurationDelegate : Multiple Spring Data modules found, entering strict repository configuration mode
2025-08-16T17:10:49.984+08:00  INFO 49736 --- [hybridsearch] [main] [                                                 ] .s.d.r.c.RepositoryConfigurationDelegate : Bootstrapping Spring Data Reactive Elasticsearch repositories in DEFAULT mode.
2025-08-16T17:10:49.989+08:00  INFO 49736 --- [hybridsearch] [main] [                                                 ] .s.d.r.c.RepositoryConfigurationDelegate : Finished Spring Data repository scanning in 4 ms. Found 1 Reactive Elasticsearch repository interface.
2025-08-16T17:10:50.570+08:00  INFO 49736 --- [hybridsearch] [main] [                                                 ] .s.d.r.c.RepositoryConfigurationDelegate : Multiple Spring Data modules found, entering strict repository configuration mode
2025-08-16T17:10:50.570+08:00  INFO 49736 --- [hybridsearch] [main] [                                                 ] .s.d.r.c.RepositoryConfigurationDelegate : Bootstrapping Spring Data Elasticsearch repositories in DEFAULT mode.
2025-08-16T17:10:50.587+08:00  INFO 49736 --- [hybridsearch] [main] [                                                 ] .s.d.r.c.RepositoryConfigurationDelegate : Finished Spring Data repository scanning in 15 ms. Found 0 Elasticsearch repository interfaces.
2025-08-16T17:10:50.598+08:00  INFO 49736 --- [hybridsearch] [main] [                                                 ] .s.d.r.c.RepositoryConfigurationDelegate : Multiple Spring Data modules found, entering strict repository configuration mode
2025-08-16T17:10:50.599+08:00  INFO 49736 --- [hybridsearch] [main] [                                                 ] .s.d.r.c.RepositoryConfigurationDelegate : Bootstrapping Spring Data Redis repositories in DEFAULT mode.
2025-08-16T17:10:50.609+08:00  INFO 49736 --- [hybridsearch] [main] [                                                 ] .RepositoryConfigurationExtensionSupport : Spring Data Redis - Could not safely identify store assignment for repository candidate interface com.hybridsearch.repository.elasticsearch.FinewebElasticsearchRepository; If you want this repository to be a Redis repository, consider annotating your entities with one of these annotations: org.springframework.data.redis.core.RedisHash (preferred), or consider extending one of the following types with your repository: org.springframework.data.keyvalue.repository.KeyValueRepository
2025-08-16T17:10:50.609+08:00  INFO 49736 --- [hybridsearch] [main] [                                                 ] .RepositoryConfigurationExtensionSupport : Spring Data Redis - Could not safely identify store assignment for repository candidate interface com.hybridsearch.repository.r2dbc.FinewebDataRepository; If you want this repository to be a Redis repository, consider annotating your entities with one of these annotations: org.springframework.data.redis.core.RedisHash (preferred), or consider extending one of the following types with your repository: org.springframework.data.keyvalue.repository.KeyValueRepository
2025-08-16T17:10:50.609+08:00  INFO 49736 --- [hybridsearch] [main] [                                                 ] .s.d.r.c.RepositoryConfigurationDelegate : Finished Spring Data repository scanning in 5 ms. Found 0 Redis repository interfaces.
2025-08-16T17:10:51.179+08:00 DEBUG 49736 --- [hybridsearch] [main] [                                                 ] io.r2dbc.postgresql.Extensions           : Discovering Extensions using ServiceLoader
2025-08-16T17:10:51.181+08:00 DEBUG 49736 --- [hybridsearch] [main] [                                                 ] io.r2dbc.postgresql.Extensions           : Registering extension io.r2dbc.postgresql.codec.BuiltinDynamicCodecs
2025-08-16T17:10:52.183+08:00  WARN 49736 --- [hybridsearch] [main] [                                                 ] onfigReactiveWebServerApplicationContext : Exception encountered during context initialization - cancelling refresh attempt: org.springframework.beans.factory.BeanCreationException: Error creating bean with name 'reactiveRedisTemplate' defined in class path resource [com/hybridsearch/config/RedisConfig.class]: Failed to instantiate [org.springframework.data.redis.core.ReactiveRedisTemplate]: Factory method 'reactiveRedisTemplate' threw exception with message: HashKey SerializationPair must not be null
2025-08-16T17:10:52.322+08:00  INFO 49736 --- [hybridsearch] [main] [                                                 ] .s.b.a.l.ConditionEvaluationReportLogger : 

Error starting ApplicationContext. To display the condition evaluation report re-run your application with 'debug' enabled.
2025-08-16T17:10:52.345+08:00 ERROR 49736 --- [hybridsearch] [main] [                                                 ] o.s.boot.SpringApplication               : Application run failed

org.springframework.beans.factory.BeanCreationException: Error creating bean with name 'reactiveRedisTemplate' defined in class path resource [com/hybridsearch/config/RedisConfig.class]: Failed to instantiate [org.springframework.data.redis.core.ReactiveRedisTemplate]: Factory method 'reactiveRedisTemplate' threw exception with message: HashKey SerializationPair must not be null
	at org.springframework.beans.factory.support.ConstructorResolver.instantiate(ConstructorResolver.java:657)
	at org.springframework.beans.factory.support.ConstructorResolver.instantiateUsingFactoryMethod(ConstructorResolver.java:645)
	at org.springframework.beans.factory.support.AbstractAutowireCapableBeanFactory.instantiateUsingFactoryMethod(AbstractAutowireCapableBeanFactory.java:1375)
	at org.springframework.beans.factory.support.AbstractAutowireCapableBeanFactory.createBeanInstance(AbstractAutowireCapableBeanFactory.java:1205)
	at org.springframework.beans.factory.support.AbstractAutowireCapableBeanFactory.doCreateBean(AbstractAutowireCapableBeanFactory.java:569)
	at org.springframework.beans.factory.support.AbstractAutowireCapableBeanFactory.createBean(AbstractAutowireCapableBeanFactory.java:529)
	at org.springframework.beans.factory.support.AbstractBeanFactory.lambda$doGetBean$0(AbstractBeanFactory.java:339)
	at org.springframework.beans.factory.support.DefaultSingletonBeanRegistry.getSingleton(DefaultSingletonBeanRegistry.java:373)
	at org.springframework.beans.factory.support.AbstractBeanFactory.doGetBean(AbstractBeanFactory.java:337)
	at org.springframework.beans.factory.support.AbstractBeanFactory.getBean(AbstractBeanFactory.java:202)
	at org.springframework.beans.factory.support.DefaultListableBeanFactory.instantiateSingleton(DefaultListableBeanFactory.java:1222)
	at org.springframework.beans.factory.support.DefaultListableBeanFactory.preInstantiateSingleton(DefaultListableBeanFactory.java:1188)
	at org.springframework.beans.factory.support.DefaultListableBeanFactory.preInstantiateSingletons(DefaultListableBeanFactory.java:1123)
	at org.springframework.context.support.AbstractApplicationContext.finishBeanFactoryInitialization(AbstractApplicationContext.java:987)
	at org.springframework.context.support.AbstractApplicationContext.refresh(AbstractApplicationContext.java:627)
	at org.springframework.boot.web.reactive.context.ReactiveWebServerApplicationContext.refresh(ReactiveWebServerApplicationContext.java:66)
	at org.springframework.boot.SpringApplication.refresh(SpringApplication.java:752)
	at org.springframework.boot.SpringApplication.refreshContext(SpringApplication.java:439)
	at org.springframework.boot.SpringApplication.run(SpringApplication.java:318)
	at org.springframework.boot.SpringApplication.run(SpringApplication.java:1361)
	at org.springframework.boot.SpringApplication.run(SpringApplication.java:1350)
	at com.hybridsearch.KsbSearchApplicationKt.main(KsbSearchApplication.kt:19)
Caused by: org.springframework.beans.BeanInstantiationException: Failed to instantiate [org.springframework.data.redis.core.ReactiveRedisTemplate]: Factory method 'reactiveRedisTemplate' threw exception with message: HashKey SerializationPair must not be null
	at org.springframework.beans.factory.support.SimpleInstantiationStrategy.lambda$instantiate$0(SimpleInstantiationStrategy.java:200)
	at org.springframework.beans.factory.support.SimpleInstantiationStrategy.instantiateWithFactoryMethod(SimpleInstantiationStrategy.java:89)
	at org.springframework.beans.factory.support.SimpleInstantiationStrategy.instantiate(SimpleInstantiationStrategy.java:169)
	at org.springframework.beans.factory.support.ConstructorResolver.instantiate(ConstructorResolver.java:653)
	... 21 common frames omitted
Caused by: java.lang.IllegalArgumentException: HashKey SerializationPair must not be null
	at org.springframework.util.Assert.notNull(Assert.java:181)
	at org.springframework.data.redis.serializer.DefaultRedisSerializationContext$DefaultRedisSerializationContextBuilder.build(DefaultRedisSerializationContext.java:148)
	at com.hybridsearch.config.RedisConfig.reactiveRedisTemplate(RedisConfig.kt:41)
	at com.hybridsearch.config.RedisConfig$$SpringCGLIB$$0.CGLIB$reactiveRedisTemplate$1(<generated>)
	at com.hybridsearch.config.RedisConfig$$SpringCGLIB$$FastClass$$1.invoke(<generated>)
	at org.springframework.cglib.proxy.MethodProxy.invokeSuper(MethodProxy.java:258)
	at org.springframework.context.annotation.ConfigurationClassEnhancer$BeanMethodInterceptor.intercept(ConfigurationClassEnhancer.java:400)
	at com.hybridsearch.config.RedisConfig$$SpringCGLIB$$0.reactiveRedisTemplate(<generated>)
	at java.base/jdk.internal.reflect.DirectMethodHandleAccessor.invoke(DirectMethodHandleAccessor.java:103)
	at java.base/java.lang.reflect.Method.invoke(Method.java:580)
	at org.springframework.beans.factory.support.SimpleInstantiationStrategy.lambda$instantiate$0(SimpleInstantiationStrategy.java:172)
	... 24 common frames omitted

2025-08-16T17:14:38.175+08:00  INFO 32728 --- [hybridsearch] [main] [                                                 ] c.hybridsearch.KsbSearchApplicationKt    : Starting KsbSearchApplicationKt using Java 21.0.3 with PID 32728 (E:\hybrid-search-es\build\classes\kotlin\main started by potato in E:\hybrid-search-es)
2025-08-16T17:14:38.175+08:00 DEBUG 32728 --- [hybridsearch] [main] [                                                 ] c.hybridsearch.KsbSearchApplicationKt    : Running with Spring Boot v3.5.4, Spring v6.2.9
2025-08-16T17:14:38.175+08:00  INFO 32728 --- [hybridsearch] [main] [                                                 ] c.hybridsearch.KsbSearchApplicationKt    : The following 1 profile is active: "dev"
2025-08-16T17:14:38.543+08:00  INFO 32728 --- [hybridsearch] [main] [                                                 ] .s.d.r.c.RepositoryConfigurationDelegate : Multiple Spring Data modules found, entering strict repository configuration mode
2025-08-16T17:14:38.544+08:00  INFO 32728 --- [hybridsearch] [main] [                                                 ] .s.d.r.c.RepositoryConfigurationDelegate : Bootstrapping Spring Data Reactive Elasticsearch repositories in DEFAULT mode.
2025-08-16T17:14:38.552+08:00  INFO 32728 --- [hybridsearch] [main] [                                                 ] .s.d.r.c.RepositoryConfigurationDelegate : Finished Spring Data repository scanning in 3 ms. Found 0 Reactive Elasticsearch repository interfaces.
2025-08-16T17:14:38.557+08:00  INFO 32728 --- [hybridsearch] [main] [                                                 ] .s.d.r.c.RepositoryConfigurationDelegate : Multiple Spring Data modules found, entering strict repository configuration mode
2025-08-16T17:14:38.557+08:00  INFO 32728 --- [hybridsearch] [main] [                                                 ] .s.d.r.c.RepositoryConfigurationDelegate : Bootstrapping Spring Data R2DBC repositories in DEFAULT mode.
2025-08-16T17:14:38.622+08:00  INFO 32728 --- [hybridsearch] [main] [                                                 ] .s.d.r.c.RepositoryConfigurationDelegate : Finished Spring Data repository scanning in 64 ms. Found 1 R2DBC repository interface.
2025-08-16T17:14:38.623+08:00  INFO 32728 --- [hybridsearch] [main] [                                                 ] .s.d.r.c.RepositoryConfigurationDelegate : Multiple Spring Data modules found, entering strict repository configuration mode
2025-08-16T17:14:38.623+08:00  INFO 32728 --- [hybridsearch] [main] [                                                 ] .s.d.r.c.RepositoryConfigurationDelegate : Bootstrapping Spring Data Reactive Elasticsearch repositories in DEFAULT mode.
2025-08-16T17:14:38.626+08:00  INFO 32728 --- [hybridsearch] [main] [                                                 ] .s.d.r.c.RepositoryConfigurationDelegate : Finished Spring Data repository scanning in 2 ms. Found 1 Reactive Elasticsearch repository interface.
2025-08-16T17:14:38.923+08:00  INFO 32728 --- [hybridsearch] [main] [                                                 ] .s.d.r.c.RepositoryConfigurationDelegate : Multiple Spring Data modules found, entering strict repository configuration mode
2025-08-16T17:14:38.924+08:00  INFO 32728 --- [hybridsearch] [main] [                                                 ] .s.d.r.c.RepositoryConfigurationDelegate : Bootstrapping Spring Data Elasticsearch repositories in DEFAULT mode.
2025-08-16T17:14:38.931+08:00  INFO 32728 --- [hybridsearch] [main] [                                                 ] .s.d.r.c.RepositoryConfigurationDelegate : Finished Spring Data repository scanning in 6 ms. Found 0 Elasticsearch repository interfaces.
2025-08-16T17:14:38.939+08:00  INFO 32728 --- [hybridsearch] [main] [                                                 ] .s.d.r.c.RepositoryConfigurationDelegate : Multiple Spring Data modules found, entering strict repository configuration mode
2025-08-16T17:14:38.939+08:00  INFO 32728 --- [hybridsearch] [main] [                                                 ] .s.d.r.c.RepositoryConfigurationDelegate : Bootstrapping Spring Data Redis repositories in DEFAULT mode.
2025-08-16T17:14:38.947+08:00  INFO 32728 --- [hybridsearch] [main] [                                                 ] .RepositoryConfigurationExtensionSupport : Spring Data Redis - Could not safely identify store assignment for repository candidate interface com.hybridsearch.repository.elasticsearch.FinewebElasticsearchRepository; If you want this repository to be a Redis repository, consider annotating your entities with one of these annotations: org.springframework.data.redis.core.RedisHash (preferred), or consider extending one of the following types with your repository: org.springframework.data.keyvalue.repository.KeyValueRepository
2025-08-16T17:14:38.947+08:00  INFO 32728 --- [hybridsearch] [main] [                                                 ] .RepositoryConfigurationExtensionSupport : Spring Data Redis - Could not safely identify store assignment for repository candidate interface com.hybridsearch.repository.r2dbc.FinewebDataRepository; If you want this repository to be a Redis repository, consider annotating your entities with one of these annotations: org.springframework.data.redis.core.RedisHash (preferred), or consider extending one of the following types with your repository: org.springframework.data.keyvalue.repository.KeyValueRepository
2025-08-16T17:14:38.947+08:00  INFO 32728 --- [hybridsearch] [main] [                                                 ] .s.d.r.c.RepositoryConfigurationDelegate : Finished Spring Data repository scanning in 2 ms. Found 0 Redis repository interfaces.
2025-08-16T17:14:39.234+08:00 DEBUG 32728 --- [hybridsearch] [main] [                                                 ] io.r2dbc.postgresql.Extensions           : Discovering Extensions using ServiceLoader
2025-08-16T17:14:39.235+08:00 DEBUG 32728 --- [hybridsearch] [main] [                                                 ] io.r2dbc.postgresql.Extensions           : Registering extension io.r2dbc.postgresql.codec.BuiltinDynamicCodecs
2025-08-16T17:14:40.709+08:00 DEBUG 32728 --- [hybridsearch] [main] [                                                 ] o.s.w.r.handler.SimpleUrlHandlerMapping  : Patterns [/webjars/**, /**] in 'resourceHandlerMapping'
2025-08-16T17:14:40.785+08:00  INFO 32728 --- [hybridsearch] [main] [                                                 ] o.s.b.a.e.web.EndpointLinksResolver      : Exposing 4 endpoints beneath base path '/actuator'
2025-08-16T17:14:40.819+08:00 DEBUG 32728 --- [hybridsearch] [main] [                                                 ] o.s.w.r.r.m.a.ControllerMethodResolver   : ControllerAdvice beans: none
2025-08-16T17:14:40.881+08:00 DEBUG 32728 --- [hybridsearch] [main] [                                                 ] o.s.w.s.adapter.HttpWebHandlerAdapter    : enableLoggingRequestDetails='false': form data and headers will be masked to prevent unsafe logging of potentially sensitive data
2025-08-16T17:14:43.303+08:00  WARN 32728 --- [hybridsearch] [main] [                                                 ] onfigReactiveWebServerApplicationContext : Exception encountered during context initialization - cancelling refresh attempt: org.springframework.context.ApplicationContextException: Failed to start bean 'webServerStartStop'
2025-08-16T17:14:43.314+08:00  INFO 32728 --- [hybridsearch] [main] [                                                 ] .s.b.a.l.ConditionEvaluationReportLogger : 

Error starting ApplicationContext. To display the condition evaluation report re-run your application with 'debug' enabled.
2025-08-16T17:14:43.323+08:00 ERROR 32728 --- [hybridsearch] [main] [                                                 ] o.s.b.d.LoggingFailureAnalysisReporter   : 

***************************
APPLICATION FAILED TO START
***************************

Description:

Web server failed to start. Port 8080 was already in use.

Action:

Identify and stop the process that's listening on port 8080 or configure this application to listen on another port.

2025-08-16T17:20:27.506+08:00  INFO 47936 --- [hybridsearch] [main] [                                                 ] c.hybridsearch.KsbSearchApplicationKt    : Starting KsbSearchApplicationKt using Java 21.0.3 with PID 47936 (E:\hybrid-search-es\build\classes\kotlin\main started by potato in E:\hybrid-search-es)
2025-08-16T17:20:27.506+08:00 DEBUG 47936 --- [hybridsearch] [main] [                                                 ] c.hybridsearch.KsbSearchApplicationKt    : Running with Spring Boot v3.5.4, Spring v6.2.9
2025-08-16T17:20:27.508+08:00  INFO 47936 --- [hybridsearch] [main] [                                                 ] c.hybridsearch.KsbSearchApplicationKt    : The following 1 profile is active: "dev"
2025-08-16T17:20:27.867+08:00  INFO 47936 --- [hybridsearch] [main] [                                                 ] .s.d.r.c.RepositoryConfigurationDelegate : Multiple Spring Data modules found, entering strict repository configuration mode
2025-08-16T17:20:27.868+08:00  INFO 47936 --- [hybridsearch] [main] [                                                 ] .s.d.r.c.RepositoryConfigurationDelegate : Bootstrapping Spring Data Reactive Elasticsearch repositories in DEFAULT mode.
2025-08-16T17:20:27.876+08:00  INFO 47936 --- [hybridsearch] [main] [                                                 ] .s.d.r.c.RepositoryConfigurationDelegate : Finished Spring Data repository scanning in 4 ms. Found 0 Reactive Elasticsearch repository interfaces.
2025-08-16T17:20:27.881+08:00  INFO 47936 --- [hybridsearch] [main] [                                                 ] .s.d.r.c.RepositoryConfigurationDelegate : Multiple Spring Data modules found, entering strict repository configuration mode
2025-08-16T17:20:27.881+08:00  INFO 47936 --- [hybridsearch] [main] [                                                 ] .s.d.r.c.RepositoryConfigurationDelegate : Bootstrapping Spring Data R2DBC repositories in DEFAULT mode.
2025-08-16T17:20:27.946+08:00  INFO 47936 --- [hybridsearch] [main] [                                                 ] .s.d.r.c.RepositoryConfigurationDelegate : Finished Spring Data repository scanning in 64 ms. Found 1 R2DBC repository interface.
2025-08-16T17:20:27.948+08:00  INFO 47936 --- [hybridsearch] [main] [                                                 ] .s.d.r.c.RepositoryConfigurationDelegate : Multiple Spring Data modules found, entering strict repository configuration mode
2025-08-16T17:20:27.948+08:00  INFO 47936 --- [hybridsearch] [main] [                                                 ] .s.d.r.c.RepositoryConfigurationDelegate : Bootstrapping Spring Data Reactive Elasticsearch repositories in DEFAULT mode.
2025-08-16T17:20:27.952+08:00  INFO 47936 --- [hybridsearch] [main] [                                                 ] .s.d.r.c.RepositoryConfigurationDelegate : Finished Spring Data repository scanning in 3 ms. Found 1 Reactive Elasticsearch repository interface.
2025-08-16T17:20:28.276+08:00  INFO 47936 --- [hybridsearch] [main] [                                                 ] .s.d.r.c.RepositoryConfigurationDelegate : Multiple Spring Data modules found, entering strict repository configuration mode
2025-08-16T17:20:28.276+08:00  INFO 47936 --- [hybridsearch] [main] [                                                 ] .s.d.r.c.RepositoryConfigurationDelegate : Bootstrapping Spring Data Elasticsearch repositories in DEFAULT mode.
2025-08-16T17:20:28.283+08:00  INFO 47936 --- [hybridsearch] [main] [                                                 ] .s.d.r.c.RepositoryConfigurationDelegate : Finished Spring Data repository scanning in 6 ms. Found 0 Elasticsearch repository interfaces.
2025-08-16T17:20:28.292+08:00  INFO 47936 --- [hybridsearch] [main] [                                                 ] .s.d.r.c.RepositoryConfigurationDelegate : Multiple Spring Data modules found, entering strict repository configuration mode
2025-08-16T17:20:28.293+08:00  INFO 47936 --- [hybridsearch] [main] [                                                 ] .s.d.r.c.RepositoryConfigurationDelegate : Bootstrapping Spring Data Redis repositories in DEFAULT mode.
2025-08-16T17:20:28.300+08:00  INFO 47936 --- [hybridsearch] [main] [                                                 ] .RepositoryConfigurationExtensionSupport : Spring Data Redis - Could not safely identify store assignment for repository candidate interface com.hybridsearch.repository.elasticsearch.FinewebElasticsearchRepository; If you want this repository to be a Redis repository, consider annotating your entities with one of these annotations: org.springframework.data.redis.core.RedisHash (preferred), or consider extending one of the following types with your repository: org.springframework.data.keyvalue.repository.KeyValueRepository
2025-08-16T17:20:28.300+08:00  INFO 47936 --- [hybridsearch] [main] [                                                 ] .RepositoryConfigurationExtensionSupport : Spring Data Redis - Could not safely identify store assignment for repository candidate interface com.hybridsearch.repository.r2dbc.FinewebDataRepository; If you want this repository to be a Redis repository, consider annotating your entities with one of these annotations: org.springframework.data.redis.core.RedisHash (preferred), or consider extending one of the following types with your repository: org.springframework.data.keyvalue.repository.KeyValueRepository
2025-08-16T17:20:28.300+08:00  INFO 47936 --- [hybridsearch] [main] [                                                 ] .s.d.r.c.RepositoryConfigurationDelegate : Finished Spring Data repository scanning in 3 ms. Found 0 Redis repository interfaces.
2025-08-16T17:20:28.596+08:00 DEBUG 47936 --- [hybridsearch] [main] [                                                 ] io.r2dbc.postgresql.Extensions           : Discovering Extensions using ServiceLoader
2025-08-16T17:20:28.597+08:00 DEBUG 47936 --- [hybridsearch] [main] [                                                 ] io.r2dbc.postgresql.Extensions           : Registering extension io.r2dbc.postgresql.codec.BuiltinDynamicCodecs
2025-08-16T17:20:29.559+08:00 DEBUG 47936 --- [hybridsearch] [main] [                                                 ] o.s.w.r.handler.SimpleUrlHandlerMapping  : Patterns [/webjars/**, /**] in 'resourceHandlerMapping'
2025-08-16T17:20:29.622+08:00  INFO 47936 --- [hybridsearch] [main] [                                                 ] o.s.b.a.e.web.EndpointLinksResolver      : Exposing 4 endpoints beneath base path '/actuator'
2025-08-16T17:20:29.650+08:00 DEBUG 47936 --- [hybridsearch] [main] [                                                 ] o.s.w.r.r.m.a.ControllerMethodResolver   : ControllerAdvice beans: none
2025-08-16T17:20:29.719+08:00 DEBUG 47936 --- [hybridsearch] [main] [                                                 ] o.s.w.s.adapter.HttpWebHandlerAdapter    : enableLoggingRequestDetails='false': form data and headers will be masked to prevent unsafe logging of potentially sensitive data
2025-08-16T17:20:31.998+08:00  WARN 47936 --- [hybridsearch] [main] [                                                 ] onfigReactiveWebServerApplicationContext : Exception encountered during context initialization - cancelling refresh attempt: org.springframework.context.ApplicationContextException: Failed to start bean 'webServerStartStop'
2025-08-16T17:20:32.009+08:00  INFO 47936 --- [hybridsearch] [main] [                                                 ] .s.b.a.l.ConditionEvaluationReportLogger : 

Error starting ApplicationContext. To display the condition evaluation report re-run your application with 'debug' enabled.
2025-08-16T17:20:32.017+08:00 ERROR 47936 --- [hybridsearch] [main] [                                                 ] o.s.b.d.LoggingFailureAnalysisReporter   : 

***************************
APPLICATION FAILED TO START
***************************

Description:

Web server failed to start. Port 8080 was already in use.

Action:

Identify and stop the process that's listening on port 8080 or configure this application to listen on another port.

